TestCase,Sample,isTrimmed,baseRecalibration,Mapper,VariantCaller,Duplicates,Node,ElapsedTime,Environment,"baseRecalibration, isTrimmed","Mapper, VariantCaller"
2,EA,YES,YES,BWA,Mutect,MARK,a047,07:15:00,Altay + COSAP,"YES, YES","BWA, Mutect"
8,EA,NO,NO,BWA,Mutect,MARK,a047,06:12:47,Altay + COSAP,"NO, NO","BWA, Mutect"
14,EA,YES,NO,BWA,Mutect,MARK,a047,05:48:51,Altay + COSAP,"NO, YES","BWA, Mutect"
20,EA,NO,YES,BWA,Mutect,MARK,a047,07:44:08,Altay + COSAP,"YES, NO","BWA, Mutect"
26,EA,YES,YES,BOWTIE,Mutect,MARK,a078,07:36:41,Altay + COSAP,"YES, YES","BOWTIE, Mutect"
32,EA,NO,NO,BOWTIE,Mutect,MARK,a078,09:57:30,Altay + COSAP,"NO, NO","BOWTIE, Mutect"
38,EA,YES,NO,BOWTIE,Mutect,MARK,a078,06:05:48,Altay + COSAP,"NO, YES","BOWTIE, Mutect"
44,EA,NO,YES,BOWTIE,Mutect,MARK,a078,10:37:11,Altay + COSAP,"YES, NO","BOWTIE, Mutect"
50,EA,YES,YES,BWA,Strelka,MARK,a063,03:34:43,Altay + COSAP,"YES, YES","BWA, Strelka"
56,EA,NO,NO,BWA,Strelka,MARK,a063,01:39:41,Altay + COSAP,"NO, NO","BWA, Strelka"
62,EA,YES,NO,BWA,Strelka,MARK,a063,02:00:07,Altay + COSAP,"NO, YES","BWA, Strelka"
68,EA,NO,YES,BWA,Strelka,MARK,a063,03:23:03,Altay + COSAP,"YES, NO","BWA, Strelka"
74,EA,YES,YES,BOWTIE,Strelka,MARK,a076,04:14:42,Altay + COSAP,"YES, YES","BOWTIE, Strelka"
80,EA,NO,NO,BOWTIE,Strelka,MARK,a076,02:19:51,Altay + COSAP,"NO, NO","BOWTIE, Strelka"
86,EA,YES,NO,BOWTIE,Strelka,MARK,a076,02:29:00,Altay + COSAP,"NO, YES","BOWTIE, Strelka"
92,EA,NO,YES,BOWTIE,Strelka,MARK,a076,03:57:32,Altay + COSAP,"YES, NO","BOWTIE, Strelka"
98,EA,YES,YES,BWA,SomaticSniper,MARK,a041,03:56:22,Altay + COSAP,"YES, YES","BWA, SomaticSniper"
104,EA,NO,NO,BWA,SomaticSniper,MARK,a041,02:03:55,Altay + COSAP,"NO, NO","BWA, SomaticSniper"
110,EA,YES,NO,BWA,SomaticSniper,MARK,a041,02:22:27,Altay + COSAP,"NO, YES","BWA, SomaticSniper"
116,EA,NO,YES,BWA,SomaticSniper,MARK,a041,03:46:40,Altay + COSAP,"YES, NO","BWA, SomaticSniper"
122,EA,YES,YES,BOWTIE,SomaticSniper,MARK,a071,04:31:48,Altay + COSAP,"YES, YES","BOWTIE, SomaticSniper"
128,EA,NO,NO,BOWTIE,SomaticSniper,MARK,a071,02:38:59,Altay + COSAP,"NO, NO","BOWTIE, SomaticSniper"
134,EA,YES,NO,BOWTIE,SomaticSniper,MARK,a071,02:50:38,Altay + COSAP,"NO, YES","BOWTIE, SomaticSniper"
140,EA,NO,YES,BOWTIE,SomaticSniper,MARK,a071,04:30:22,Altay + COSAP,"YES, NO","BOWTIE, SomaticSniper"
147,LL,YES,YES,BWA,Mutect,MARK,s008,2:59:11,Uhem + COSAP,"YES, YES","BWA, Mutect"
148,EA,YES,YES,BWA,Mutect,MARK,s004,07:47:19,Uhem + COSAP,"YES, YES","BWA, Mutect"
149,LL,YES,YES,BWA,Mutect,MARK,a062,02:54:31,Altay + COSAP,"YES, YES","BWA, Mutect"
150,NC,YES,YES,BWA,Mutect,MARK,s020,7:15:03,Uhem + COSAP,"YES, YES","BWA, Mutect"
153,LL,NO,NO,BWA,Mutect,MARK,s008,3:09:49,Uhem + COSAP,"NO, NO","BWA, Mutect"
154,EA,NO,NO,BWA,Mutect,MARK,s004,07:05:44,Uhem + COSAP,"NO, NO","BWA, Mutect"
155,LL,NO,NO,BWA,Mutect,MARK,a062,03:16:30,Altay + COSAP,"NO, NO","BWA, Mutect"
156,NC,NO,NO,BWA,Mutect,MARK,s020,8:33:53,Uhem + COSAP,"NO, NO","BWA, Mutect"
159,LL,YES,NO,BWA,Mutect,MARK,s008,2:30:06,Uhem + COSAP,"NO, YES","BWA, Mutect"
160,EA,YES,NO,BWA,Mutect,MARK,s004,06:19:42,Uhem + COSAP,"NO, YES","BWA, Mutect"
161,LL,YES,NO,BWA,Mutect,MARK,a062,02:32:36,Altay + COSAP,"NO, YES","BWA, Mutect"
162,NC,YES,NO,BWA,Mutect,MARK,s020,6:24:13,Uhem + COSAP,"NO, YES","BWA, Mutect"
165,LL,NO,YES,BWA,Mutect,MARK,s008,3:32:01,Uhem + COSAP,"YES, NO","BWA, Mutect"
166,EA,NO,YES,BWA,Mutect,MARK,s004,08:32:12,Uhem + COSAP,"YES, NO","BWA, Mutect"
167,LL,NO,YES,BWA,Mutect,MARK,a062,03:16:30,Altay + COSAP,"YES, NO","BWA, Mutect"
168,NC,NO,YES,BWA,Mutect,MARK,s020,9:05:42,Uhem + COSAP,"YES, NO","BWA, Mutect"
171,LL,YES,YES,BOWTIE,Mutect,MARK,s028,3:02:11,Uhem + COSAP,"YES, YES","BOWTIE, Mutect"
172,EA,YES,YES,BOWTIE,Mutect,MARK,s067,08:53:30,Uhem + COSAP,"YES, YES","BOWTIE, Mutect"
173,LL,YES,YES,BOWTIE,Mutect,MARK,a057,02:53:08,Altay + COSAP,"YES, YES","BOWTIE, Mutect"
174,NC,YES,YES,BOWTIE,Mutect,MARK,s022,7:10:35,Uhem + COSAP,"YES, YES","BOWTIE, Mutect"
177,LL,NO,NO,BOWTIE,Mutect,MARK,s028,3:51:14,Uhem + COSAP,"NO, NO","BOWTIE, Mutect"
178,EA,NO,NO,BOWTIE,Mutect,MARK,s067,12:00:05,Uhem + COSAP,"NO, NO","BOWTIE, Mutect"
179,LL,NO,NO,BOWTIE,Mutect,MARK,a057,03:54:07,Altay + COSAP,"NO, NO","BOWTIE, Mutect"
180,NC,NO,NO,BOWTIE,Mutect,MARK,s022,10:56:36,Uhem + COSAP,"NO, NO","BOWTIE, Mutect"
183,LL,YES,NO,BOWTIE,Mutect,MARK,s028,2:28:14,Uhem + COSAP,"NO, YES","BOWTIE, Mutect"
184,EA,YES,NO,BOWTIE,Mutect,MARK,s067,07:06:47,Uhem + COSAP,"NO, YES","BOWTIE, Mutect"
185,LL,YES,NO,BOWTIE,Mutect,MARK,a057,02:30:39,Altay + COSAP,"NO, YES","BOWTIE, Mutect"
186,NC,YES,NO,BOWTIE,Mutect,MARK,s022,6:09:56,Uhem + COSAP,"NO, YES","BOWTIE, Mutect"
189,LL,NO,YES,BOWTIE,Mutect,MARK,s028,3:52:38,Uhem + COSAP,"YES, NO","BOWTIE, Mutect"
190,EA,NO,YES,BOWTIE,Mutect,MARK,s067,12:24:31,Uhem + COSAP,"YES, NO","BOWTIE, Mutect"
191,LL,NO,YES,BOWTIE,Mutect,MARK,a057,03:51:21,Altay + COSAP,"YES, NO","BOWTIE, Mutect"
192,NC,NO,YES,BOWTIE,Mutect,MARK,s022,9:49:26,Uhem + COSAP,"YES, NO","BOWTIE, Mutect"
195,LL,YES,YES,BWA,Strelka,MARK,s022,1:23:18,Uhem + COSAP,"YES, YES","BWA, Strelka"
196,EA,YES,YES,BWA,Strelka,MARK,s023,03:11:37,Uhem + COSAP,"YES, YES","BWA, Strelka"
197,LL,YES,YES,BWA,Strelka,MARK,a043,01:25:44,Altay + COSAP,"YES, YES","BWA, Strelka"
198,NC,YES,YES,BWA,Strelka,MARK,s023,2:42:53,Uhem + COSAP,"YES, YES","BWA, Strelka"
201,LL,NO,NO,BWA,Strelka,MARK,s022,0:44:06,Uhem + COSAP,"NO, NO","BWA, Strelka"
202,EA,NO,NO,BWA,Strelka,MARK,s023,02:00:47,Uhem + COSAP,"NO, NO","BWA, Strelka"
203,LL,NO,NO,BWA,Strelka,MARK,a043,00:41:23,Altay + COSAP,"NO, NO","BWA, Strelka"
204,NC,NO,NO,BWA,Strelka,MARK,f010,0:55:57,Uhem + COSAP,"NO, NO","BWA, Strelka"
207,LL,YES,NO,BWA,Strelka,MARK,s022,0:37:34,Uhem + COSAP,"NO, YES","BWA, Strelka"
208,EA,YES,NO,BWA,Strelka,MARK,s023,01:59:32,Uhem + COSAP,"NO, YES","BWA, Strelka"
209,LL,YES,NO,BWA,Strelka,MARK,a043,00:43:39,Altay + COSAP,"NO, YES","BWA, Strelka"
210,NC,YES,NO,BWA,Strelka,MARK,f010,1:01:53,Uhem + COSAP,"NO, YES","BWA, Strelka"
213,LL,NO,YES,BWA,Strelka,MARK,s022,1:22:52,Uhem + COSAP,"YES, NO","BWA, Strelka"
214,EA,NO,YES,BWA,Strelka,MARK,s023,03:46:06,Uhem + COSAP,"YES, NO","BWA, Strelka"
215,LL,NO,YES,BWA,Strelka,MARK,a043,01:22:33,Altay + COSAP,"YES, NO","BWA, Strelka"
216,NC,NO,YES,BWA,Strelka,MARK,f010,2:25:31,Uhem + COSAP,"YES, NO","BWA, Strelka"
219,LL,YES,YES,BOWTIE,Strelka,MARK,s022,1:37:23,Uhem + COSAP,"YES, YES","BOWTIE, Strelka"
220,EA,YES,YES,BOWTIE,Strelka,MARK,f003,03:56:26,Uhem + COSAP,"YES, YES","BOWTIE, Strelka"
221,LL,YES,YES,BOWTIE,Strelka,MARK,a044,01:36:23,Altay + COSAP,"YES, YES","BOWTIE, Strelka"
222,NC,YES,YES,BOWTIE,Strelka,MARK,s023,2:41:39,Uhem + COSAP,"YES, YES","BOWTIE, Strelka"
225,LL,NO,NO,BOWTIE,Strelka,MARK,s022,0:46:53,Uhem + COSAP,"NO, NO","BOWTIE, Strelka"
226,EA,NO,NO,BOWTIE,Strelka,MARK,f003,02:06:25,Uhem + COSAP,"NO, NO","BOWTIE, Strelka"
227,LL,NO,NO,BOWTIE,Strelka,MARK,a044,00:46:40,Altay + COSAP,"NO, NO","BOWTIE, Strelka"
228,NC,NO,NO,BOWTIE,Strelka,MARK,s023,1:16:19,Uhem + COSAP,"NO, NO","BOWTIE, Strelka"
231,LL,YES,NO,BOWTIE,Strelka,MARK,s022,0:49:57,Uhem + COSAP,"NO, YES","BOWTIE, Strelka"
232,EA,YES,NO,BOWTIE,Strelka,MARK,f003,02:14:47,Uhem + COSAP,"NO, YES","BOWTIE, Strelka"
233,LL,YES,NO,BOWTIE,Strelka,MARK,a044,00:53:31,Altay + COSAP,"NO, YES","BOWTIE, Strelka"
234,NC,YES,NO,BOWTIE,Strelka,MARK,s023,1:19:49,Uhem + COSAP,"NO, YES","BOWTIE, Strelka"
237,LL,NO,YES,BOWTIE,Strelka,MARK,s022,1:30:34,Uhem + COSAP,"YES, NO","BOWTIE, Strelka"
238,EA,NO,YES,BOWTIE,Strelka,MARK,f003,03:51:50,Uhem + COSAP,"YES, NO","BOWTIE, Strelka"
239,LL,NO,YES,BOWTIE,Strelka,MARK,a044,01:27:47,Altay + COSAP,"YES, NO","BOWTIE, Strelka"
240,NC,NO,YES,BOWTIE,Strelka,MARK,s023,2:39:04,Uhem + COSAP,"YES, NO","BOWTIE, Strelka"
243,LL,YES,YES,BWA,SomaticSniper,MARK,s011,1:30:55,Uhem + COSAP,"YES, YES","BWA, SomaticSniper"
244,EA,YES,YES,BWA,SomaticSniper,MARK,s030,04:36:26,Uhem + COSAP,"YES, YES","BWA, SomaticSniper"
245,LL,YES,YES,BWA,SomaticSniper,MARK,a059,01:31:54,Altay + COSAP,"YES, YES","BWA, SomaticSniper"
246,NC,YES,YES,BWA,SomaticSniper,MARK,s021,2:34:52,Uhem + COSAP,"YES, YES","BWA, SomaticSniper"
249,LL,NO,NO,BWA,SomaticSniper,MARK,s011,0:40:53,Uhem + COSAP,"NO, NO","BWA, SomaticSniper"
250,EA,NO,NO,BWA,SomaticSniper,MARK,s030,02:48:39,Uhem + COSAP,"NO, NO","BWA, SomaticSniper"
251,LL,NO,NO,BWA,SomaticSniper,MARK,a059,00:46:40,Altay + COSAP,"NO, NO","BWA, SomaticSniper"
252,NC,NO,NO,BWA,SomaticSniper,MARK,s021,1:09:56,Uhem + COSAP,"NO, NO","BWA, SomaticSniper"
255,LL,YES,NO,BWA,SomaticSniper,MARK,s011,0:42:50,Uhem + COSAP,"NO, YES","BWA, SomaticSniper"
256,EA,YES,NO,BWA,SomaticSniper,MARK,s030,02:50:05,Uhem + COSAP,"NO, YES","BWA, SomaticSniper"
257,LL,YES,NO,BWA,SomaticSniper,MARK,a059,00:47:30,Altay + COSAP,"NO, YES","BWA, SomaticSniper"
258,NC,YES,NO,BWA,SomaticSniper,MARK,s021,1:13:23,Uhem + COSAP,"NO, YES","BWA, SomaticSniper"
261,LL,NO,YES,BWA,SomaticSniper,MARK,s011,1:29:53,Uhem + COSAP,"YES, NO","BWA, SomaticSniper"
262,EA,NO,YES,BWA,SomaticSniper,MARK,s030,04:16:05,Uhem + COSAP,"YES, NO","BWA, SomaticSniper"
263,LL,NO,YES,BWA,SomaticSniper,MARK,a059,01:29:06,Altay + COSAP,"YES, NO","BWA, SomaticSniper"
264,NC,NO,YES,BWA,SomaticSniper,MARK,s021,2:34:13,Uhem + COSAP,"YES, NO","BWA, SomaticSniper"
267,LL,YES,YES,BOWTIE,SomaticSniper,MARK,s032,1:45:03,Uhem + COSAP,"YES, YES","BOWTIE, SomaticSniper"
268,EA,YES,YES,BOWTIE,SomaticSniper,MARK,s002,04:21:53,Uhem + COSAP,"YES, YES","BOWTIE, SomaticSniper"
269,LL,YES,YES,BOWTIE,SomaticSniper,MARK,a058,01:42:08,Altay + COSAP,"YES, YES","BOWTIE, SomaticSniper"
270,NC,YES,YES,BOWTIE,SomaticSniper,MARK,s027,3:01:27,Uhem + COSAP,"YES, YES","BOWTIE, SomaticSniper"
273,LL,NO,NO,BOWTIE,SomaticSniper,MARK,s032,0:53:28,Uhem + COSAP,"NO, NO","BOWTIE, SomaticSniper"
274,EA,NO,NO,BOWTIE,SomaticSniper,MARK,s002,02:32:17,Uhem + COSAP,"NO, NO","BOWTIE, SomaticSniper"
275,LL,NO,NO,BOWTIE,SomaticSniper,MARK,a058,00:53:47,Altay + COSAP,"NO, NO","BOWTIE, SomaticSniper"
276,NC,NO,NO,BOWTIE,SomaticSniper,MARK,s027,1:32:46,Uhem + COSAP,"NO, NO","BOWTIE, SomaticSniper"
279,LL,YES,NO,BOWTIE,SomaticSniper,MARK,s032,0:55:54,Uhem + COSAP,"NO, YES","BOWTIE, SomaticSniper"
280,EA,YES,NO,BOWTIE,SomaticSniper,MARK,s002,02:37:56,Uhem + COSAP,"NO, YES","BOWTIE, SomaticSniper"
281,LL,YES,NO,BOWTIE,SomaticSniper,MARK,a058,00:59:35,Altay + COSAP,"NO, YES","BOWTIE, SomaticSniper"
282,NC,YES,NO,BOWTIE,SomaticSniper,MARK,s027,1:35:48,Uhem + COSAP,"NO, YES","BOWTIE, SomaticSniper"
285,LL,NO,YES,BOWTIE,SomaticSniper,MARK,s032,1:40:09,Uhem + COSAP,"YES, NO","BOWTIE, SomaticSniper"
286,EA,NO,YES,BOWTIE,SomaticSniper,MARK,s002,04:18:51,Uhem + COSAP,"YES, NO","BOWTIE, SomaticSniper"
287,LL,NO,YES,BOWTIE,SomaticSniper,MARK,a058,01:36:35,Altay + COSAP,"YES, NO","BOWTIE, SomaticSniper"
288,NC,NO,YES,BOWTIE,SomaticSniper,MARK,s027,3:00:33,Uhem + COSAP,"YES, NO","BOWTIE, SomaticSniper"
290,EA,YES,YES,BWA,Mutect,DELETE,a079,06:07:30,Altay + COSAP,"YES, YES","BWA, Mutect"
296,EA,NO,NO,BWA,Mutect,DELETE,a079,06:31:30,Altay + COSAP,"NO, NO","BWA, Mutect"
302,EA,YES,NO,BWA,Mutect,DELETE,a079,05:47:03,Altay + COSAP,"NO, YES","BWA, Mutect"
308,EA,NO,YES,BWA,Mutect,DELETE,a079,08:12:58,Altay + COSAP,"YES, NO","BWA, Mutect"
314,EA,YES,YES,BOWTIE,Mutect,DELETE,a061,07:55:59,Altay + COSAP,"YES, YES","BOWTIE, Mutect"
320,EA,NO,NO,BOWTIE,Mutect,DELETE,a061,10:10:03,Altay + COSAP,"NO, NO","BOWTIE, Mutect"
326,EA,YES,NO,BOWTIE,Mutect,DELETE,a061,06:10:35,Altay + COSAP,"NO, YES","BOWTIE, Mutect"
332,EA,NO,YES,BOWTIE,Mutect,DELETE,a061,10:55:33,Altay + COSAP,"YES, NO","BOWTIE, Mutect"
338,EA,YES,YES,BWA,Strelka,DELETE,a046,03:58:20,Altay + COSAP,"YES, YES","BWA, Strelka"
344,EA,NO,NO,BWA,Strelka,DELETE,a048,01:49:01,Altay + COSAP,"NO, NO","BWA, Strelka"
350,EA,YES,NO,BWA,Strelka,DELETE,a048,02:03:24,Altay + COSAP,"NO, YES","BWA, Strelka"
356,EA,NO,YES,BWA,Strelka,DELETE,a048,03:34:30,Altay + COSAP,"YES, NO","BWA, Strelka"
362,EA,YES,YES,BOWTIE,Strelka,DELETE,a062,04:30:56,Altay + COSAP,"YES, YES","BOWTIE, Strelka"
368,EA,NO,NO,BOWTIE,Strelka,DELETE,a062,02:15:48,Altay + COSAP,"NO, NO","BOWTIE, Strelka"
374,EA,YES,NO,BOWTIE,Strelka,DELETE,a062,02:37:28,Altay + COSAP,"NO, YES","BOWTIE, Strelka"
380,EA,NO,YES,BOWTIE,Strelka,DELETE,a062,04:15:32,Altay + COSAP,"YES, NO","BOWTIE, Strelka"
386,EA,YES,YES,BWA,SomaticSniper,DELETE,a049,04:19:05,Altay + COSAP,"YES, YES","BWA, SomaticSniper"
392,EA,NO,NO,BWA,SomaticSniper,DELETE,a049,02:10:21,Altay + COSAP,"NO, NO","BWA, SomaticSniper"
398,EA,YES,NO,BWA,SomaticSniper,DELETE,a049,02:29:23,Altay + COSAP,"NO, YES","BWA, SomaticSniper"
404,EA,NO,YES,BWA,SomaticSniper,DELETE,a049,04:06:32,Altay + COSAP,"YES, NO","BWA, SomaticSniper"
410,EA,YES,YES,BOWTIE,SomaticSniper,DELETE,a064,04:57:47,Altay + COSAP,"YES, YES","BOWTIE, SomaticSniper"
416,EA,NO,NO,BOWTIE,SomaticSniper,DELETE,a064,02:46:02,Altay + COSAP,"NO, NO","BOWTIE, SomaticSniper"
422,EA,YES,NO,BOWTIE,SomaticSniper,DELETE,a064,02:57:27,Altay + COSAP,"NO, YES","BOWTIE, SomaticSniper"
428,EA,NO,YES,BOWTIE,SomaticSniper,DELETE,a064,04:49:56,Altay + COSAP,"YES, NO","BOWTIE, SomaticSniper"
435,LL,YES,YES,BWA,Mutect,DELETE,s046,2:51:10,Uhem + COSAP,"YES, YES","BWA, Mutect"
436,EA,YES,YES,BWA,Mutect,DELETE,s063,08:50:36,Uhem + COSAP,"YES, YES","BWA, Mutect"
437,LL,YES,YES,BWA,Mutect,DELETE,a081,02:56:15,Altay + COSAP,"YES, YES","BWA, Mutect"
438,NC,YES,YES,BWA,Mutect,DELETE,s012,7:22:50,Uhem + COSAP,"YES, YES","BWA, Mutect"
441,LL,NO,NO,BWA,Mutect,DELETE,s046,3:10:12,Uhem + COSAP,"NO, NO","BWA, Mutect"
442,EA,NO,NO,BWA,Mutect,DELETE,s063,07:45:24,Uhem + COSAP,"NO, NO","BWA, Mutect"
443,LL,NO,NO,BWA,Mutect,DELETE,a081,03:17:13,Altay + COSAP,"NO, NO","BWA, Mutect"
444,NC,NO,NO,BWA,Mutect,DELETE,s012,9:05:06,Uhem + COSAP,"NO, NO","BWA, Mutect"
447,LL,YES,NO,BWA,Mutect,DELETE,s046,2:26:31,Uhem + COSAP,"NO, YES","BWA, Mutect"
448,EA,YES,NO,BWA,Mutect,DELETE,s063,06:59:08,Uhem + COSAP,"NO, YES","BWA, Mutect"
449,LL,YES,NO,BWA,Mutect,DELETE,a081,02:30:55,Altay + COSAP,"NO, YES","BWA, Mutect"
450,NC,YES,NO,BWA,Mutect,DELETE,s012,6:32:11,Uhem + COSAP,"NO, YES","BWA, Mutect"
453,LL,NO,YES,BWA,Mutect,DELETE,s046,3:27:06,Uhem + COSAP,"YES, NO","BWA, Mutect"
454,EA,NO,YES,BWA,Mutect,DELETE,s063,09:42:07,Uhem + COSAP,"YES, NO","BWA, Mutect"
455,LL,NO,YES,BWA,Mutect,DELETE,a081,03:35:02,Altay + COSAP,"YES, NO","BWA, Mutect"
456,NC,NO,YES,BWA,Mutect,DELETE,s012,9:02:31,Uhem + COSAP,"YES, NO","BWA, Mutect"
459,LL,YES,YES,BOWTIE,Mutect,DELETE,s042,3:04:35,Uhem + COSAP,"YES, YES","BOWTIE, Mutect"
460,EA,YES,YES,BOWTIE,Mutect,DELETE,s066,09:17:06,Uhem + COSAP,"YES, YES","BOWTIE, Mutect"
461,LL,YES,YES,BOWTIE,Mutect,DELETE,a076,02:52:52,Altay + COSAP,"YES, YES","BOWTIE, Mutect"
462,NC,YES,YES,BOWTIE,Mutect,DELETE,s022,7:12:41,Uhem + COSAP,"YES, YES","BOWTIE, Mutect"
465,LL,NO,NO,BOWTIE,Mutect,DELETE,s042,4:13:58,Uhem + COSAP,"NO, NO","BOWTIE, Mutect"
466,EA,NO,NO,BOWTIE,Mutect,DELETE,s066,12:07:36,Uhem + COSAP,"NO, NO","BOWTIE, Mutect"
467,LL,NO,NO,BOWTIE,Mutect,DELETE,a076,03:52:28,Altay + COSAP,"NO, NO","BOWTIE, Mutect"
468,NC,NO,NO,BOWTIE,Mutect,DELETE,s022,10:58:56,Uhem + COSAP,"NO, NO","BOWTIE, Mutect"
471,LL,YES,NO,BOWTIE,Mutect,DELETE,s042,2:42:15,Uhem + COSAP,"NO, YES","BOWTIE, Mutect"
472,EA,YES,NO,BOWTIE,Mutect,DELETE,s066,07:15:09,Uhem + COSAP,"NO, YES","BOWTIE, Mutect"
473,LL,YES,NO,BOWTIE,Mutect,DELETE,a076,02:29:26,Altay + COSAP,"NO, YES","BOWTIE, Mutect"
474,NC,YES,NO,BOWTIE,Mutect,DELETE,s022,6:05:45,Uhem + COSAP,"NO, YES","BOWTIE, Mutect"
477,LL,NO,YES,BOWTIE,Mutect,DELETE,s042,4:09:33,Uhem + COSAP,"YES, NO","BOWTIE, Mutect"
478,EA,NO,YES,BOWTIE,Mutect,DELETE,s066,12:44:01,Uhem + COSAP,"YES, NO","BOWTIE, Mutect"
479,LL,NO,YES,BOWTIE,Mutect,DELETE,a076,03:44:02,Altay + COSAP,"YES, NO","BOWTIE, Mutect"
480,NC,NO,YES,BOWTIE,Mutect,DELETE,s022,9:48:41,Uhem + COSAP,"YES, NO","BOWTIE, Mutect"
483,LL,YES,YES,BWA,Strelka,DELETE,s037,1:16:45,Uhem + COSAP,"YES, YES","BWA, Strelka"
484,EA,YES,YES,BWA,Strelka,DELETE,s064,03:44:14,Uhem + COSAP,"YES, YES","BWA, Strelka"
485,LL,YES,YES,BWA,Strelka,DELETE,a084,01:23:36,Altay + COSAP,"YES, YES","BWA, Strelka"
486,NC,YES,YES,BWA,Strelka,DELETE,s021,2:16:45,Uhem + COSAP,"YES, YES","BWA, Strelka"
489,LL,NO,NO,BWA,Strelka,DELETE,s037,0:42:25,Uhem + COSAP,"NO, NO","BWA, Strelka"
490,EA,NO,NO,BWA,Strelka,DELETE,s064,01:37:40,Uhem + COSAP,"NO, NO","BWA, Strelka"
491,LL,NO,NO,BWA,Strelka,DELETE,a084,00:37:57,Altay + COSAP,"NO, NO","BWA, Strelka"
492,NC,NO,NO,BWA,Strelka,DELETE,s021,0:58:05,Uhem + COSAP,"NO, NO","BWA, Strelka"
495,LL,YES,NO,BWA,Strelka,DELETE,s037,0:34:45,Uhem + COSAP,"NO, YES","BWA, Strelka"
496,EA,YES,NO,BWA,Strelka,DELETE,s064,01:44:11,Uhem + COSAP,"NO, YES","BWA, Strelka"
497,LL,YES,NO,BWA,Strelka,DELETE,a084,00:45:14,Altay + COSAP,"NO, YES","BWA, Strelka"
498,NC,YES,NO,BWA,Strelka,DELETE,s021,1:02:33,Uhem + COSAP,"NO, YES","BWA, Strelka"
501,LL,NO,YES,BWA,Strelka,DELETE,s037,1:14:50,Uhem + COSAP,"YES, NO","BWA, Strelka"
502,EA,NO,YES,BWA,Strelka,DELETE,s064,03:42:07,Uhem + COSAP,"YES, NO","BWA, Strelka"
503,LL,NO,YES,BWA,Strelka,DELETE,a084,01:21:16,Altay + COSAP,"YES, NO","BWA, Strelka"
504,NC,NO,YES,BWA,Strelka,DELETE,s021,2:25:58,Uhem + COSAP,"YES, NO","BWA, Strelka"
507,LL,YES,YES,BOWTIE,Strelka,DELETE,s037,1:30:59,Uhem + COSAP,"YES, YES","BOWTIE, Strelka"
508,EA,YES,YES,BOWTIE,Strelka,DELETE,s014,04:17:18,Uhem + COSAP,"YES, YES","BOWTIE, Strelka"
509,LL,YES,YES,BOWTIE,Strelka,DELETE,a049,01:35:41,Altay + COSAP,"YES, YES","BOWTIE, Strelka"
510,NC,YES,YES,BOWTIE,Strelka,DELETE,s021,2:40:22,Uhem + COSAP,"YES, YES","BOWTIE, Strelka"
513,LL,NO,NO,BOWTIE,Strelka,DELETE,s037,0:45:46,Uhem + COSAP,"NO, NO","BOWTIE, Strelka"
514,EA,NO,NO,BOWTIE,Strelka,DELETE,s067,02:16:57,Uhem + COSAP,"NO, NO","BOWTIE, Strelka"
515,LL,NO,NO,BOWTIE,Strelka,DELETE,a049,00:46:22,Altay + COSAP,"NO, NO","BOWTIE, Strelka"
516,NC,NO,NO,BOWTIE,Strelka,DELETE,s021,1:15:25,Uhem + COSAP,"NO, NO","BOWTIE, Strelka"
519,LL,YES,NO,BOWTIE,Strelka,DELETE,s037,0:47:53,Uhem + COSAP,"NO, YES","BOWTIE, Strelka"
520,EA,YES,NO,BOWTIE,Strelka,DELETE,s067,02:24:03,Uhem + COSAP,"NO, YES","BOWTIE, Strelka"
521,LL,YES,NO,BOWTIE,Strelka,DELETE,a049,00:54:20,Altay + COSAP,"NO, YES","BOWTIE, Strelka"
522,NC,YES,NO,BOWTIE,Strelka,DELETE,s021,1:18:18,Uhem + COSAP,"NO, YES","BOWTIE, Strelka"
525,LL,NO,YES,BOWTIE,Strelka,DELETE,s037,1:24:15,Uhem + COSAP,"YES, NO","BOWTIE, Strelka"
526,EA,NO,YES,BOWTIE,Strelka,DELETE,s067,04:29:30,Uhem + COSAP,"YES, NO","BOWTIE, Strelka"
527,LL,NO,YES,BOWTIE,Strelka,DELETE,a049,01:26:31,Altay + COSAP,"YES, NO","BOWTIE, Strelka"
528,NC,NO,YES,BOWTIE,Strelka,DELETE,s021,2:37:41,Uhem + COSAP,"YES, NO","BOWTIE, Strelka"
531,LL,YES,YES,BWA,SomaticSniper,DELETE,s045,1:31:18,Uhem + COSAP,"YES, YES","BWA, SomaticSniper"
532,EA,YES,YES,BWA,SomaticSniper,DELETE,s065,04:14:17,Uhem + COSAP,"YES, YES","BWA, SomaticSniper"
533,LL,YES,YES,BWA,SomaticSniper,DELETE,a065,01:30:26,Altay + COSAP,"YES, YES","BWA, SomaticSniper"
534,NC,YES,YES,BWA,SomaticSniper,DELETE,s020,2:35:13,Uhem + COSAP,"YES, YES","BWA, SomaticSniper"
537,LL,NO,NO,BWA,SomaticSniper,DELETE,s045,0:41:53,Uhem + COSAP,"NO, NO","BWA, SomaticSniper"
538,EA,NO,NO,BWA,SomaticSniper,DELETE,s065,02:03:41,Uhem + COSAP,"NO, NO","BWA, SomaticSniper"
539,LL,NO,NO,BWA,SomaticSniper,DELETE,a065,00:46:35,Altay + COSAP,"NO, NO","BWA, SomaticSniper"
540,NC,NO,NO,BWA,SomaticSniper,DELETE,s020,1:09:09,Uhem + COSAP,"NO, NO","BWA, SomaticSniper"
543,LL,YES,NO,BWA,SomaticSniper,DELETE,s045,0:45:12,Uhem + COSAP,"NO, YES","BWA, SomaticSniper"
544,EA,YES,NO,BWA,SomaticSniper,DELETE,s065,02:14:07,Uhem + COSAP,"NO, YES","BWA, SomaticSniper"
545,LL,YES,NO,BWA,SomaticSniper,DELETE,a065,00:49:52,Altay + COSAP,"NO, YES","BWA, SomaticSniper"
546,NC,YES,NO,BWA,SomaticSniper,DELETE,s020,1:12:17,Uhem + COSAP,"NO, YES","BWA, SomaticSniper"
549,LL,NO,YES,BWA,SomaticSniper,DELETE,s045,1:32:47,Uhem + COSAP,"YES, NO","BWA, SomaticSniper"
550,EA,NO,YES,BWA,SomaticSniper,DELETE,s065,04:13:09,Uhem + COSAP,"YES, NO","BWA, SomaticSniper"
551,LL,NO,YES,BWA,SomaticSniper,DELETE,a065,01:29:18,Altay + COSAP,"YES, NO","BWA, SomaticSniper"
552,NC,NO,YES,BWA,SomaticSniper,DELETE,s020,2:32:16,Uhem + COSAP,"YES, NO","BWA, SomaticSniper"
555,LL,YES,YES,BOWTIE,SomaticSniper,DELETE,s022,1:46:00,Uhem + COSAP,"YES, YES","BOWTIE, SomaticSniper"
556,EA,YES,YES,BOWTIE,SomaticSniper,DELETE,s036,05:00:35,Uhem + COSAP,"YES, YES","BOWTIE, SomaticSniper"
557,LL,YES,YES,BOWTIE,SomaticSniper,DELETE,a055,01:44:27,Altay + COSAP,"YES, YES","BOWTIE, SomaticSniper"
558,NC,YES,YES,BOWTIE,SomaticSniper,DELETE,s023,3:01:02,Uhem + COSAP,"YES, YES","BOWTIE, SomaticSniper"
561,LL,NO,NO,BOWTIE,SomaticSniper,DELETE,s022,0:54:24,Uhem + COSAP,"NO, NO","BOWTIE, SomaticSniper"
562,EA,NO,NO,BOWTIE,SomaticSniper,DELETE,s036,02:50:36,Uhem + COSAP,"NO, NO","BOWTIE, SomaticSniper"
563,LL,NO,NO,BOWTIE,SomaticSniper,DELETE,a055,00:54:13,Altay + COSAP,"NO, NO","BOWTIE, SomaticSniper"
564,NC,NO,NO,BOWTIE,SomaticSniper,DELETE,s023,1:33:52,Uhem + COSAP,"NO, NO","BOWTIE, SomaticSniper"
567,LL,YES,NO,BOWTIE,SomaticSniper,DELETE,s022,0:57:22,Uhem + COSAP,"NO, YES","BOWTIE, SomaticSniper"
568,EA,YES,NO,BOWTIE,SomaticSniper,DELETE,s036,02:50:22,Uhem + COSAP,"NO, YES","BOWTIE, SomaticSniper"
569,LL,YES,NO,BOWTIE,SomaticSniper,DELETE,a055,00:59:33,Altay + COSAP,"NO, YES","BOWTIE, SomaticSniper"
570,NC,YES,NO,BOWTIE,SomaticSniper,DELETE,s023,1:35:26,Uhem + COSAP,"NO, YES","BOWTIE, SomaticSniper"
573,LL,NO,YES,BOWTIE,SomaticSniper,DELETE,s022,1:41:31,Uhem + COSAP,"YES, NO","BOWTIE, SomaticSniper"
574,EA,NO,YES,BOWTIE,SomaticSniper,DELETE,s036,05:01:51,Uhem + COSAP,"YES, NO","BOWTIE, SomaticSniper"
575,LL,NO,YES,BOWTIE,SomaticSniper,DELETE,a055,01:35:12,Altay + COSAP,"YES, NO","BOWTIE, SomaticSniper"
576,NC,NO,YES,BOWTIE,SomaticSniper,DELETE,s023,2:58:15,Uhem + COSAP,"YES, NO","BOWTIE, SomaticSniper"
577,FD,YES,YES,BWA,Mutect,DELETE,s036,04:28:11,Uhem + COSAP,"YES, YES","BWA, Mutect"
578,FD,YES,YES,BOWTIE,Mutect,DELETE,s051,04:39:50,Uhem + COSAP,"YES, YES","BOWTIE, Mutect"
579,FD,YES,YES,BWA,Strelka,DELETE,s041,01:42:01,Uhem + COSAP,"YES, YES","BWA, Strelka"
580,FD,YES,YES,BOWTIE,Strelka,DELETE,s054,02:00:00,Uhem + COSAP,"YES, YES","BOWTIE, Strelka"
581,FD,YES,YES,BWA,SomaticSniper,DELETE,s049,01:52:26,Uhem + COSAP,"YES, YES","BWA, SomaticSniper"
582,FD,YES,YES,BOWTIE,SomaticSniper,DELETE,s055,02:13:20,Uhem + COSAP,"YES, YES","BOWTIE, SomaticSniper"
583,FD,YES,YES,BWA,Mutect,MARK,s029,04:25:05,Uhem + COSAP,"YES, YES","BWA, Mutect"
584,FD,YES,YES,BOWTIE,Mutect,MARK,s025,04:08:48,Uhem + COSAP,"YES, YES","BOWTIE, Mutect"
585,FD,YES,YES,BWA,Strelka,MARK,s026,01:29:18,Uhem + COSAP,"YES, YES","BWA, Strelka"
586,FD,YES,YES,BOWTIE,Strelka,MARK,s017,01:47:10,Uhem + COSAP,"YES, YES","BOWTIE, Strelka"
587,FD,YES,YES,BWA,SomaticSniper,MARK,s027,01:37:58,Uhem + COSAP,"YES, YES","BWA, SomaticSniper"
588,FD,YES,YES,BOWTIE,SomaticSniper,MARK,s019,01:56:03,Uhem + COSAP,"YES, YES","BOWTIE, SomaticSniper"
589,FD,YES,NO,BWA,Mutect,DELETE,s036,04:22:39,Uhem + COSAP,"NO, YES","BWA, Mutect"
590,FD,YES,NO,BOWTIE,Mutect,DELETE,s051,04:22:56,Uhem + COSAP,"NO, YES","BOWTIE, Mutect"
591,FD,YES,NO,BWA,Strelka,DELETE,s041,00:43:33,Uhem + COSAP,"NO, YES","BWA, Strelka"
592,FD,YES,NO,BOWTIE,Strelka,DELETE,s054,01:00:39,Uhem + COSAP,"NO, YES","BOWTIE, Strelka"
593,FD,YES,NO,BWA,SomaticSniper,DELETE,s049,00:54:16,Uhem + COSAP,"NO, YES","BWA, SomaticSniper"
594,FD,YES,NO,BOWTIE,SomaticSniper,DELETE,s055,01:10:11,Uhem + COSAP,"NO, YES","BOWTIE, SomaticSniper"
595,FD,YES,NO,BWA,Mutect,MARK,s029,04:16:01,Uhem + COSAP,"NO, YES","BWA, Mutect"
596,FD,YES,NO,BOWTIE,Mutect,MARK,s025,04:02:41,Uhem + COSAP,"NO, YES","BOWTIE, Mutect"
597,FD,YES,NO,BWA,Strelka,MARK,s026,00:52:02,Uhem + COSAP,"NO, YES","BWA, Strelka"
598,FD,YES,NO,BOWTIE,Strelka,MARK,s017,00:56:19,Uhem + COSAP,"NO, YES","BOWTIE, Strelka"
599,FD,YES,NO,BWA,SomaticSniper,MARK,s027,00:46:51,Uhem + COSAP,"NO, YES","BWA, SomaticSniper"
600,FD,YES,NO,BOWTIE,SomaticSniper,MARK,s019,01:03:56,Uhem + COSAP,"NO, YES","BOWTIE, SomaticSniper"
601,FD,NO,YES,BWA,Mutect,DELETE,s036,06:00:24,Uhem + COSAP,"YES, NO","BWA, Mutect"
602,FD,NO,YES,BOWTIE,Mutect,DELETE,s051,05:59:38,Uhem + COSAP,"YES, NO","BOWTIE, Mutect"
603,FD,NO,YES,BWA,Strelka,DELETE,s041,01:42:26,Uhem + COSAP,"YES, NO","BWA, Strelka"
604,FD,NO,YES,BOWTIE,Strelka,DELETE,s054,01:55:10,Uhem + COSAP,"YES, NO","BOWTIE, Strelka"
605,FD,NO,YES,BWA,SomaticSniper,DELETE,s049,01:54:24,Uhem + COSAP,"YES, NO","BWA, SomaticSniper"
606,FD,NO,YES,BOWTIE,SomaticSniper,DELETE,s055,02:08:40,Uhem + COSAP,"YES, NO","BOWTIE, SomaticSniper"
607,FD,NO,YES,BWA,Mutect,MARK,s029,05:49:50,Uhem + COSAP,"YES, NO","BWA, Mutect"
608,FD,NO,YES,BOWTIE,Mutect,MARK,s025,05:25:47,Uhem + COSAP,"YES, NO","BOWTIE, Mutect"
609,FD,NO,YES,BWA,Strelka,MARK,s026,01:30:00,Uhem + COSAP,"YES, NO","BWA, Strelka"
610,FD,NO,YES,BOWTIE,Strelka,MARK,s017,01:42:10,Uhem + COSAP,"YES, NO","BOWTIE, Strelka"
611,FD,NO,YES,BWA,SomaticSniper,MARK,s027,01:37:12,Uhem + COSAP,"YES, NO","BWA, SomaticSniper"
612,FD,NO,YES,BOWTIE,SomaticSniper,MARK,s019,01:52:05,Uhem + COSAP,"YES, NO","BOWTIE, SomaticSniper"
613,FD,NO,NO,BWA,Mutect,DELETE,s036,06:00:31,Uhem + COSAP,"NO, NO","BWA, Mutect"
614,FD,NO,NO,BOWTIE,Mutect,DELETE,s051,07:07:24,Uhem + COSAP,"NO, NO","BOWTIE, Mutect"
615,FD,NO,NO,BWA,Strelka,DELETE,s041,00:41:31,Uhem + COSAP,"NO, NO","BWA, Strelka"
616,FD,NO,NO,BOWTIE,Strelka,DELETE,s054,00:58:02,Uhem + COSAP,"NO, NO","BOWTIE, Strelka"
617,FD,NO,NO,BWA,SomaticSniper,DELETE,s049,00:51:25,Uhem + COSAP,"NO, NO","BWA, SomaticSniper"
618,FD,NO,NO,BOWTIE,SomaticSniper,DELETE,s055,01:08:43,Uhem + COSAP,"NO, NO","BOWTIE, SomaticSniper"
619,FD,NO,NO,BWA,Mutect,MARK,s029,06:01:37,Uhem + COSAP,"NO, NO","BWA, Mutect"
620,FD,NO,NO,BOWTIE,Mutect,MARK,s025,06:30:27,Uhem + COSAP,"NO, NO","BOWTIE, Mutect"
621,FD,NO,NO,BWA,Strelka,MARK,s026,00:36:41,Uhem + COSAP,"NO, NO","BWA, Strelka"
622,FD,NO,NO,BOWTIE,Strelka,MARK,s017,00:53:30,Uhem + COSAP,"NO, NO","BOWTIE, Strelka"
623,FD,NO,NO,BWA,SomaticSniper,MARK,s027,00:44:25,Uhem + COSAP,"NO, NO","BWA, SomaticSniper"
624,FD,NO,NO,BOWTIE,SomaticSniper,MARK,s019,01:02:32,Uhem + COSAP,"NO, NO","BOWTIE, SomaticSniper"
625,FD,YES,YES,BWA,Mutect,DELETE,a068,04:13:45,Altay + COSAP,"YES, YES","BWA, Mutect"
626,FD,YES,YES,BOWTIE,Mutect,DELETE,a058,03:59:38,Altay + COSAP,"YES, YES","BOWTIE, Mutect"
627,FD,YES,YES,BWA,Strelka,DELETE,a051,01:44:14,Altay + COSAP,"YES, YES","BWA, Strelka"
628,FD,YES,YES,BOWTIE,Strelka,DELETE,a036,01:53:47,Altay + COSAP,"YES, YES","BOWTIE, Strelka"
629,FD,YES,YES,BWA,SomaticSniper,DELETE,a057,01:50:21,Altay + COSAP,"YES, YES","BWA, SomaticSniper"
630,FD,YES,YES,BOWTIE,SomaticSniper,DELETE,a041,02:04:26,Altay + COSAP,"YES, YES","BOWTIE, SomaticSniper"
631,FD,YES,YES,BWA,Mutect,MARK,a077,04:01:43,Altay + COSAP,"YES, YES","BWA, Mutect"
632,FD,YES,YES,BOWTIE,Mutect,MARK,a059,03:51:23,Altay + COSAP,"YES, YES","BOWTIE, Mutect"
633,FD,YES,YES,BWA,Strelka,MARK,a065,01:35:49,Altay + COSAP,"YES, YES","BWA, Strelka"
634,FD,YES,YES,BOWTIE,Strelka,MARK,a058,01:51:22,Altay + COSAP,"YES, YES","BOWTIE, Strelka"
635,FD,YES,YES,BWA,SomaticSniper,MARK,a064,01:44:48,Altay + COSAP,"YES, YES","BWA, SomaticSniper"
636,FD,YES,YES,BOWTIE,SomaticSniper,MARK,a078,01:58:47,Altay + COSAP,"YES, YES","BOWTIE, SomaticSniper"
637,FD,YES,NO,BWA,Mutect,DELETE,a068,03:53:51,Altay + COSAP,"NO, YES","BWA, Mutect"
638,FD,YES,NO,BOWTIE,Mutect,DELETE,a058,03:42:20,Altay + COSAP,"NO, YES","BOWTIE, Mutect"
639,FD,YES,NO,BWA,Strelka,DELETE,a051,00:49:44,Altay + COSAP,"NO, YES","BWA, Strelka"
640,FD,YES,NO,BOWTIE,Strelka,DELETE,a036,01:00:35,Altay + COSAP,"NO, YES","BOWTIE, Strelka"
641,FD,YES,NO,BWA,SomaticSniper,DELETE,a057,00:55:41,Altay + COSAP,"NO, YES","BWA, SomaticSniper"
642,FD,YES,NO,BOWTIE,SomaticSniper,DELETE,a041,01:09:04,Altay + COSAP,"NO, YES","BOWTIE, SomaticSniper"
643,FD,YES,NO,BWA,Mutect,MARK,a077,04:05:41,Altay + COSAP,"NO, YES","BWA, Mutect"
644,FD,YES,NO,BOWTIE,Mutect,MARK,a059,03:37:10,Altay + COSAP,"NO, YES","BOWTIE, Mutect"
645,FD,YES,NO,BWA,Strelka,MARK,a066,00:50:18,Altay + COSAP,"NO, YES","BWA, Strelka"
646,FD,YES,NO,BOWTIE,Strelka,MARK,a058,00:59:39,Altay + COSAP,"NO, YES","BOWTIE, Strelka"
647,FD,YES,NO,BWA,SomaticSniper,MARK,a064,00:54:54,Altay + COSAP,"NO, YES","BWA, SomaticSniper"
648,FD,YES,NO,BOWTIE,SomaticSniper,MARK,a078,01:08:47,Altay + COSAP,"NO, YES","BOWTIE, SomaticSniper"
649,FD,NO,YES,BWA,Mutect,DELETE,a068,05:30:49,Altay + COSAP,"YES, NO","BWA, Mutect"
650,FD,NO,YES,BOWTIE,Mutect,DELETE,a058,05:09:53,Altay + COSAP,"YES, NO","BOWTIE, Mutect"
651,FD,NO,YES,BWA,Strelka,DELETE,a051,01:39:48,Altay + COSAP,"YES, NO","BWA, Strelka"
652,FD,NO,YES,BOWTIE,Strelka,DELETE,a036,01:46:08,Altay + COSAP,"YES, NO","BOWTIE, Strelka"
653,FD,NO,YES,BWA,SomaticSniper,DELETE,a057,01:49:27,Altay + COSAP,"YES, NO","BWA, SomaticSniper"
654,FD,NO,YES,BOWTIE,SomaticSniper,DELETE,a041,01:57:55,Altay + COSAP,"YES, NO","BOWTIE, SomaticSniper"
655,FD,NO,YES,BWA,Mutect,MARK,a077,05:10:29,Altay + COSAP,"YES, NO","BWA, Mutect"
656,FD,NO,YES,BOWTIE,Mutect,MARK,a059,04:56:28,Altay + COSAP,"YES, NO","BOWTIE, Mutect"
657,FD,NO,YES,BWA,Strelka,MARK,a066,01:31:51,Altay + COSAP,"YES, NO","BWA, Strelka"
658,FD,NO,YES,BOWTIE,Strelka,MARK,a058,01:38:51,Altay + COSAP,"YES, NO","BOWTIE, Strelka"
659,FD,NO,YES,BWA,SomaticSniper,MARK,a064,01:40:12,Altay + COSAP,"YES, NO","BWA, SomaticSniper"
660,FD,NO,YES,BOWTIE,SomaticSniper,MARK,a078,01:50:28,Altay + COSAP,"YES, NO","BOWTIE, SomaticSniper"
661,FD,NO,NO,BWA,Mutect,DELETE,a068,05:28:18,Altay + COSAP,"NO, NO","BWA, Mutect"
662,FD,NO,NO,BOWTIE,Mutect,DELETE,a058,05:54:00,Altay + COSAP,"NO, NO","BOWTIE, Mutect"
663,FD,NO,NO,BWA,Strelka,DELETE,a051,00:43:38,Altay + COSAP,"NO, NO","BWA, Strelka"
664,FD,NO,NO,BOWTIE,Strelka,DELETE,a036,00:52:40,Altay + COSAP,"NO, NO","BOWTIE, Strelka"
665,FD,NO,NO,BWA,SomaticSniper,DELETE,a057,00:52:26,Altay + COSAP,"NO, NO","BWA, SomaticSniper"
666,FD,NO,NO,BOWTIE,SomaticSniper,DELETE,a041,01:02:29,Altay + COSAP,"NO, NO","BOWTIE, SomaticSniper"
667,FD,NO,NO,BWA,Mutect,MARK,a077,05:35:14,Altay + COSAP,"NO, NO","BWA, Mutect"
668,FD,NO,NO,BOWTIE,Mutect,MARK,a059,05:51:49,Altay + COSAP,"NO, NO","BOWTIE, Mutect"
669,FD,NO,NO,BWA,Strelka,MARK,a066,00:43:14,Altay + COSAP,"NO, NO","BWA, Strelka"
670,FD,NO,NO,BOWTIE,Strelka,MARK,a058,00:52:28,Altay + COSAP,"NO, NO","BOWTIE, Strelka"
671,FD,NO,NO,BWA,SomaticSniper,MARK,a064,00:51:14,Altay + COSAP,"NO, NO","BWA, SomaticSniper"
672,FD,NO,NO,BOWTIE,SomaticSniper,MARK,a078,01:00:45,Altay + COSAP,"NO, NO","BOWTIE, SomaticSniper"
721,NC,YES,YES,BWA,Mutect,DELETE,a086,07:11:00,Altay + COSAP,"YES, YES","BWA, Mutect"
722,NC,YES,YES,BOWTIE,Mutect,DELETE,a060,06:51:03,Altay + COSAP,"YES, YES","BOWTIE, Mutect"
723,NC,YES,YES,BWA,Strelka,DELETE,a087,02:32:33,Altay + COSAP,"YES, YES","BWA, Strelka"
724,NC,YES,YES,BOWTIE,Strelka,DELETE,a053,02:44:57,Altay + COSAP,"YES, YES","BOWTIE, Strelka"
725,NC,YES,YES,BWA,SomaticSniper,DELETE,a059,02:45:43,Altay + COSAP,"YES, YES","BWA, SomaticSniper"
726,NC,YES,YES,BOWTIE,SomaticSniper,DELETE,a054,03:03:32,Altay + COSAP,"YES, YES","BOWTIE, SomaticSniper"
727,NC,YES,YES,BWA,Mutect,MARK,a068,07:17:00,Altay + COSAP,"YES, YES","BWA, Mutect"
728,NC,YES,YES,BOWTIE,Mutect,MARK,a061,06:39:42,Altay + COSAP,"YES, YES","BOWTIE, Mutect"
729,NC,YES,YES,BWA,Strelka,MARK,a075,2:29:03,Altay + COSAP,"YES, YES","BWA, Strelka"
730,NC,YES,YES,BOWTIE,Strelka,MARK,a063,02:51:06,Altay + COSAP,"YES, YES","BOWTIE, Strelka"
731,NC,YES,YES,BWA,SomaticSniper,MARK,a071,02:46:53,Altay + COSAP,"YES, YES","BWA, SomaticSniper"
732,NC,YES,YES,BOWTIE,SomaticSniper,MARK,a060,03:06:45,Altay + COSAP,"YES, YES","BOWTIE, SomaticSniper"
733,NC,YES,NO,BWA,Mutect,DELETE,a086,06:09:46,Altay + COSAP,"NO, YES","BWA, Mutect"
734,NC,YES,NO,BOWTIE,Mutect,DELETE,a060,05:45:18,Altay + COSAP,"NO, YES","BOWTIE, Mutect"
735,NC,YES,NO,BWA,Strelka,DELETE,a087,01:19:43,Altay + COSAP,"NO, YES","BWA, Strelka"
736,NC,YES,NO,BOWTIE,Strelka,DELETE,a053,01:25:48,Altay + COSAP,"NO, YES","BOWTIE, Strelka"
737,NC,YES,NO,BWA,SomaticSniper,DELETE,a059,01:26:04,Altay + COSAP,"NO, YES","BWA, SomaticSniper"
738,NC,YES,NO,BOWTIE,SomaticSniper,DELETE,a054,01:42:53,Altay + COSAP,"NO, YES","BOWTIE, SomaticSniper"
739,NC,YES,NO,BWA,Mutect,MARK,a068,06:09:31,Altay + COSAP,"NO, YES","BWA, Mutect"
740,NC,YES,NO,BOWTIE,Mutect,MARK,a061,05:40:05,Altay + COSAP,"NO, YES","BOWTIE, Mutect"
741,NC,YES,NO,BWA,Strelka,MARK,a075,01:11:56,Altay + COSAP,"NO, YES","BWA, Strelka"
742,NC,YES,NO,BOWTIE,Strelka,MARK,a063,01:27:17,Altay + COSAP,"NO, YES","BOWTIE, Strelka"
743,NC,YES,NO,BWA,SomaticSniper,MARK,a071,01:24:38,Altay + COSAP,"NO, YES","BWA, SomaticSniper"
744,NC,YES,NO,BOWTIE,SomaticSniper,MARK,a060,01:42:03,Altay + COSAP,"NO, YES","BOWTIE, SomaticSniper"
745,NC,NO,YES,BWA,Mutect,DELETE,a086,08:39:23,Altay + COSAP,"YES, NO","BWA, Mutect"
746,NC,NO,YES,BOWTIE,Mutect,DELETE,a060,09:10:56,Altay + COSAP,"YES, NO","BOWTIE, Mutect"
747,NC,NO,YES,BWA,Strelka,DELETE,a087,02:20:41,Altay + COSAP,"YES, NO","BWA, Strelka"
748,NC,NO,YES,BOWTIE,Strelka,DELETE,a053,02:41:08,Altay + COSAP,"YES, NO","BOWTIE, Strelka"
749,NC,NO,YES,BWA,SomaticSniper,DELETE,a059,02:39:37,Altay + COSAP,"YES, NO","BWA, SomaticSniper"
750,NC,NO,YES,BOWTIE,SomaticSniper,DELETE,a054,02:58:37,Altay + COSAP,"YES, NO","BOWTIE, SomaticSniper"
751,NC,NO,YES,BWA,Mutect,MARK,a068,08:36:11,Altay + COSAP,"YES, NO","BWA, Mutect"
752,NC,NO,YES,BOWTIE,Mutect,MARK,a061,09:13:28,Altay + COSAP,"YES, NO","BOWTIE, Mutect"
753,NC,NO,YES,BWA,Strelka,MARK,a075,02:22:46,Altay + COSAP,"YES, NO","BWA, Strelka"
754,NC,NO,YES,BOWTIE,Strelka,MARK,a063,02:38:08,Altay + COSAP,"YES, NO","BOWTIE, Strelka"
755,NC,NO,YES,BWA,SomaticSniper,MARK,a071,02:40:21,Altay + COSAP,"YES, NO","BWA, SomaticSniper"
756,NC,NO,YES,BOWTIE,SomaticSniper,MARK,a060,03:00:33,Altay + COSAP,"YES, NO","BOWTIE, SomaticSniper"
757,NC,NO,NO,BWA,Mutect,DELETE,a086,07:54:05,Altay + COSAP,"NO, NO","BWA, Mutect"
758,NC,NO,NO,BOWTIE,Mutect,DELETE,a060,10:09:45,Altay + COSAP,"NO, NO","BOWTIE, Mutect"
759,NC,NO,NO,BWA,Strelka,DELETE,a087,00:59:28,Altay + COSAP,"NO, NO","BWA, Strelka"
760,NC,NO,NO,BOWTIE,Strelka,DELETE,a053,01:17:29,Altay + COSAP,"NO, NO","BOWTIE, Strelka"
761,NC,NO,NO,BWA,SomaticSniper,DELETE,a059,01:15:04,Altay + COSAP,"NO, NO","BWA, SomaticSniper"
762,NC,NO,NO,BOWTIE,SomaticSniper,DELETE,a054,01:32:44,Altay + COSAP,"NO, NO","BOWTIE, SomaticSniper"
763,NC,NO,NO,BWA,Mutect,MARK,a068,07:56:19,Altay + COSAP,"NO, NO","BWA, Mutect"
764,NC,NO,NO,BOWTIE,Mutect,MARK,a061,10:25:30,Altay + COSAP,"NO, NO","BOWTIE, Mutect"
765,NC,NO,NO,BWA,Strelka,MARK,a075,00:59:51,Altay + COSAP,"NO, NO","BWA, Strelka"
766,NC,NO,NO,BOWTIE,Strelka,MARK,a063,01:20:07,Altay + COSAP,"NO, NO","BOWTIE, Strelka"
767,NC,NO,NO,BWA,SomaticSniper,MARK,a071,01:16:12,Altay + COSAP,"NO, NO","BWA, SomaticSniper"
768,NC,NO,NO,BOWTIE,SomaticSniper,MARK,a060,01:32:35,Altay + COSAP,"NO, NO","BOWTIE, SomaticSniper"
769,IL,YES,YES,BWA,Mutect,MARK,s030,9:01:44,Uhem + COSAP,"YES, YES","BWA, Mutect"
770,IL,NO,NO,BWA,Mutect,MARK,s030,10:59:36,Uhem + COSAP,"NO, NO","BWA, Mutect"
771,IL,YES,NO,BWA,Mutect,MARK,s030,9:19:48,Uhem + COSAP,"NO, YES","BWA, Mutect"
772,IL,NO,YES,BWA,Mutect,MARK,s030,10:59:37,Uhem + COSAP,"YES, NO","BWA, Mutect"
773,IL,YES,YES,BOWTIE,Mutect,MARK,s031,8:58:46,Uhem + COSAP,"YES, YES","BOWTIE, Mutect"
774,IL,NO,NO,BOWTIE,Mutect,MARK,s031,12:43:08,Uhem + COSAP,"NO, NO","BOWTIE, Mutect"
775,IL,YES,NO,BOWTIE,Mutect,MARK,s031,8:28:59,Uhem + COSAP,"NO, YES","BOWTIE, Mutect"
776,IL,NO,YES,BOWTIE,Mutect,MARK,s031,11:16:33,Uhem + COSAP,"YES, NO","BOWTIE, Mutect"
777,IL,YES,YES,BWA,Strelka,MARK,s003,3:37:58,Uhem + COSAP,"YES, YES","BWA, Strelka"
778,IL,NO,NO,BWA,Strelka,MARK,s003,1:49:17,Uhem + COSAP,"NO, NO","BWA, Strelka"
779,IL,YES,NO,BWA,Strelka,MARK,s003,2:09:07,Uhem + COSAP,"NO, YES","BWA, Strelka"
780,IL,NO,YES,BWA,Strelka,MARK,s003,3:28:17,Uhem + COSAP,"YES, NO","BWA, Strelka"
781,IL,YES,YES,BOWTIE,Strelka,MARK,s009,4:34:27,Uhem + COSAP,"YES, YES","BOWTIE, Strelka"
782,IL,NO,NO,BOWTIE,Strelka,MARK,s009,2:38:48,Uhem + COSAP,"NO, NO","BOWTIE, Strelka"
783,IL,YES,NO,BOWTIE,Strelka,MARK,s009,2:52:57,Uhem + COSAP,"NO, YES","BOWTIE, Strelka"
784,IL,NO,YES,BOWTIE,Strelka,MARK,s009,4:22:49,Uhem + COSAP,"YES, NO","BOWTIE, Strelka"
785,IL,YES,YES,BWA,SomaticSniper,MARK,s029,4:05:06,Uhem + COSAP,"YES, YES","BWA, SomaticSniper"
786,IL,NO,NO,BWA,SomaticSniper,MARK,s029,2:05:52,Uhem + COSAP,"NO, NO","BWA, SomaticSniper"
787,IL,YES,NO,BWA,SomaticSniper,MARK,s029,2:20:43,Uhem + COSAP,"NO, YES","BWA, SomaticSniper"
788,IL,NO,YES,BWA,SomaticSniper,MARK,s029,3:53:20,Uhem + COSAP,"YES, NO","BWA, SomaticSniper"
789,IL,YES,YES,BOWTIE,SomaticSniper,MARK,s033,4:58:44,Uhem + COSAP,"YES, YES","BOWTIE, SomaticSniper"
790,IL,NO,NO,BOWTIE,SomaticSniper,MARK,s033,2:59:47,Uhem + COSAP,"NO, NO","BOWTIE, SomaticSniper"
791,IL,YES,NO,BOWTIE,SomaticSniper,MARK,s033,3:13:43,Uhem + COSAP,"NO, YES","BOWTIE, SomaticSniper"
792,IL,NO,YES,BOWTIE,SomaticSniper,MARK,s033,4:48:21,Uhem + COSAP,"YES, NO","BOWTIE, SomaticSniper"
793,IL,YES,YES,BWA,Mutect,DELETE,s035,9:33:31,Uhem + COSAP,"YES, YES","BWA, Mutect"
794,IL,NO,NO,BWA,Mutect,DELETE,s006,9:15:02,Uhem + COSAP,"NO, NO","BWA, Mutect"
795,IL,YES,NO,BWA,Mutect,DELETE,s019,8:39:15,Uhem + COSAP,"NO, YES","BWA, Mutect"
796,IL,NO,YES,BWA,Mutect,DELETE,s006,9:47:24,Uhem + COSAP,"YES, NO","BWA, Mutect"
797,IL,YES,YES,BOWTIE,Mutect,DELETE,s011,9:46:54,Uhem + COSAP,"YES, YES","BOWTIE, Mutect"
798,IL,NO,NO,BOWTIE,Mutect,DELETE,s011,13:03:41,Uhem + COSAP,"NO, NO","BOWTIE, Mutect"
799,IL,YES,NO,BOWTIE,Mutect,DELETE,s011,8:48:24,Uhem + COSAP,"NO, YES","BOWTIE, Mutect"
800,IL,NO,YES,BOWTIE,Mutect,DELETE,s011,11:56:32,Uhem + COSAP,"YES, NO","BOWTIE, Mutect"
801,IL,YES,YES,BWA,Strelka,DELETE,s039,4:15:49,Uhem + COSAP,"YES, YES","BWA, Strelka"
802,IL,NO,NO,BWA,Strelka,DELETE,s039,1:56:29,Uhem + COSAP,"NO, NO","BWA, Strelka"
803,IL,YES,NO,BWA,Strelka,DELETE,s026,2:09:22,Uhem + COSAP,"NO, YES","BWA, Strelka"
804,IL,NO,YES,BWA,Strelka,DELETE,s039,4:06:24,Uhem + COSAP,"YES, NO","BWA, Strelka"
805,IL,YES,YES,BOWTIE,Strelka,DELETE,s013,5:12:46,Uhem + COSAP,"YES, YES","BOWTIE, Strelka"
806,IL,NO,NO,BOWTIE,Strelka,DELETE,s013,2:51:42,Uhem + COSAP,"NO, NO","BOWTIE, Strelka"
807,IL,YES,NO,BOWTIE,Strelka,DELETE,s013,3:02:37,Uhem + COSAP,"NO, YES","BOWTIE, Strelka"
808,IL,NO,YES,BOWTIE,Strelka,DELETE,s013,5:05:12,Uhem + COSAP,"YES, NO","BOWTIE, Strelka"
809,IL,YES,YES,BWA,SomaticSniper,DELETE,s040,4:45:31,Uhem + COSAP,"YES, YES","BWA, SomaticSniper"
810,IL,NO,NO,BWA,SomaticSniper,DELETE,s040,2:19:54,Uhem + COSAP,"NO, NO","BWA, SomaticSniper"
811,IL,YES,NO,BWA,SomaticSniper,DELETE,s018,2:34:26,Uhem + COSAP,"NO, YES","BWA, SomaticSniper"
812,IL,NO,YES,BWA,SomaticSniper,DELETE,s018,2:12:30,Uhem + COSAP,"YES, NO","BWA, SomaticSniper"
813,IL,YES,YES,BOWTIE,SomaticSniper,DELETE,s014,5:42:30,Uhem + COSAP,"YES, YES","BOWTIE, SomaticSniper"
814,IL,NO,NO,BOWTIE,SomaticSniper,DELETE,s014,3:15:28,Uhem + COSAP,"NO, NO","BOWTIE, SomaticSniper"
815,IL,YES,NO,BOWTIE,SomaticSniper,DELETE,s014,3:27:29,Uhem + COSAP,"NO, YES","BOWTIE, SomaticSniper"
816,IL,NO,YES,BOWTIE,SomaticSniper,DELETE,s014,5:34:10,Uhem + COSAP,"YES, NO","BOWTIE, SomaticSniper"
817,IL,YES,YES,BWA,Mutect,MARK,a074,8:12:31,Altay + COSAP,"YES, YES","BWA, Mutect"
818,IL,NO,NO,BWA,Mutect,MARK,a074,7:52:47,Altay + COSAP,"NO, NO","BWA, Mutect"
819,IL,YES,NO,BWA,Mutect,MARK,a074,7:26:13,Altay + COSAP,"NO, YES","BWA, Mutect"
820,IL,NO,YES,BWA,Mutect,MARK,a074,8:25:08,Altay + COSAP,"YES, NO","BWA, Mutect"
821,IL,YES,YES,BOWTIE,Mutect,MARK,a075,8:22:42,Altay + COSAP,"YES, YES","BOWTIE, Mutect"
822,IL,NO,NO,BOWTIE,Mutect,MARK,a075,11:31:14,Altay + COSAP,"NO, NO","BOWTIE, Mutect"
823,IL,YES,NO,BOWTIE,Mutect,MARK,a075,7:46:30,Altay + COSAP,"NO, YES","BOWTIE, Mutect"
824,IL,NO,YES,BOWTIE,Mutect,MARK,a075,10:11:36,Altay + COSAP,"YES, NO","BOWTIE, Mutect"
825,IL,YES,YES,BWA,Strelka,MARK,a047,3:44:17,Altay + COSAP,"YES, YES","BWA, Strelka"
826,IL,NO,NO,BWA,Strelka,MARK,a047,2:11:31,Altay + COSAP,"NO, NO","BWA, Strelka"
827,IL,YES,NO,BWA,Strelka,MARK,a047,2:33:36,Altay + COSAP,"NO, YES","BWA, Strelka"
828,IL,NO,YES,BWA,Strelka,MARK,a047,3:47:20,Altay + COSAP,"YES, NO","BWA, Strelka"
829,IL,YES,YES,BOWTIE,Strelka,MARK,a046,4:23:48,Altay + COSAP,"YES, YES","BOWTIE, Strelka"
830,IL,NO,NO,BOWTIE,Strelka,MARK,a046,2:48:54,Altay + COSAP,"NO, NO","BOWTIE, Strelka"
831,IL,YES,NO,BOWTIE,Strelka,MARK,a046,3:12:52,Altay + COSAP,"NO, YES","BOWTIE, Strelka"
832,IL,NO,YES,BOWTIE,Strelka,MARK,a046,4:32:47,Altay + COSAP,"YES, NO","BOWTIE, Strelka"
833,IL,YES,YES,BWA,SomaticSniper,MARK,a068,4:36:16,Altay + COSAP,"YES, YES","BWA, SomaticSniper"
834,IL,NO,NO,BWA,SomaticSniper,MARK,a068,2:34:58,Altay + COSAP,"NO, NO","BWA, SomaticSniper"
835,IL,YES,NO,BWA,SomaticSniper,MARK,a068,2:48:48,Altay + COSAP,"NO, YES","BWA, SomaticSniper"
836,IL,NO,YES,BWA,SomaticSniper,MARK,a068,4:14:56,Altay + COSAP,"YES, NO","BWA, SomaticSniper"
837,IL,YES,YES,BOWTIE,SomaticSniper,MARK,a044,5:19:05,Altay + COSAP,"YES, YES","BOWTIE, SomaticSniper"
838,IL,NO,NO,BOWTIE,SomaticSniper,MARK,a044,3:12:13,Altay + COSAP,"NO, NO","BOWTIE, SomaticSniper"
839,IL,YES,NO,BOWTIE,SomaticSniper,MARK,a044,3:30:36,Altay + COSAP,"NO, YES","BOWTIE, SomaticSniper"
840,IL,NO,YES,BOWTIE,SomaticSniper,MARK,a044,4:58:51,Altay + COSAP,"YES, NO","BOWTIE, SomaticSniper"
841,IL,YES,YES,BWA,Mutect,DELETE,a042,8:51:55,Altay + COSAP,"YES, YES","BWA, Mutect"
842,IL,NO,NO,BWA,Mutect,DELETE,a042,8:23:48,Altay + COSAP,"NO, NO","BWA, Mutect"
843,IL,YES,NO,BWA,Mutect,DELETE,a042,7:52:17,Altay + COSAP,"NO, YES","BWA, Mutect"
844,IL,NO,YES,BWA,Mutect,DELETE,a042,9:09:52,Altay + COSAP,"YES, NO","BWA, Mutect"
845,IL,YES,YES,BOWTIE,Mutect,DELETE,a045,9:22:51,Altay + COSAP,"YES, YES","BOWTIE, Mutect"
846,IL,NO,NO,BOWTIE,Mutect,DELETE,a045,11:56:24,Altay + COSAP,"NO, NO","BOWTIE, Mutect"
847,IL,YES,NO,BOWTIE,Mutect,DELETE,a045,7:54:23,Altay + COSAP,"NO, YES","BOWTIE, Mutect"
848,IL,NO,YES,BOWTIE,Mutect,DELETE,a045,11:11:46,Altay + COSAP,"YES, NO","BOWTIE, Mutect"
849,IL,YES,YES,BWA,Strelka,DELETE,a043,4:58:00,Altay + COSAP,"YES, YES","BWA, Strelka"
850,IL,NO,NO,BWA,Strelka,DELETE,a043,2:24:24,Altay + COSAP,"NO, NO","BWA, Strelka"
851,IL,YES,NO,BWA,Strelka,DELETE,a043,2:44:19,Altay + COSAP,"NO, YES","BWA, Strelka"
852,IL,NO,YES,BWA,Strelka,DELETE,a043,4:34:06,Altay + COSAP,"YES, NO","BWA, Strelka"
853,IL,YES,YES,BOWTIE,Strelka,DELETE,a073,5:34:47,Altay + COSAP,"YES, YES","BOWTIE, Strelka"
854,IL,NO,NO,BOWTIE,Strelka,DELETE,a073,2:57:10,Altay + COSAP,"NO, NO","BOWTIE, Strelka"
855,IL,YES,NO,BOWTIE,Strelka,DELETE,a073,3:19:24,Altay + COSAP,"NO, YES","BOWTIE, Strelka"
856,IL,NO,YES,BOWTIE,Strelka,DELETE,a073,5:11:43,Altay + COSAP,"YES, NO","BOWTIE, Strelka"
857,IL,YES,YES,BWA,SomaticSniper,DELETE,a044,5:17:33,Altay + COSAP,"YES, YES","BWA, SomaticSniper"
858,IL,NO,NO,BWA,SomaticSniper,DELETE,a044,2:46:53,Altay + COSAP,"NO, NO","BWA, SomaticSniper"
859,IL,YES,NO,BWA,SomaticSniper,DELETE,a044,3:06:09,Altay + COSAP,"NO, YES","BWA, SomaticSniper"
860,IL,NO,YES,BWA,SomaticSniper,DELETE,a044,5:11:14,Altay + COSAP,"YES, NO","BWA, SomaticSniper"
861,IL,YES,YES,BOWTIE,SomaticSniper,DELETE,a046,6:07:54,Altay + COSAP,"YES, YES","BOWTIE, SomaticSniper"
862,IL,NO,NO,BOWTIE,SomaticSniper,DELETE,a046,3:23:52,Altay + COSAP,"NO, NO","BOWTIE, SomaticSniper"
863,IL,YES,NO,BOWTIE,SomaticSniper,DELETE,a046,3:56:29,Altay + COSAP,"NO, YES","BOWTIE, SomaticSniper"
864,IL,NO,YES,BOWTIE,SomaticSniper,DELETE,a046,5:40:36,Altay + COSAP,"YES, NO","BOWTIE, SomaticSniper"
