TestCase,TMB
296,15.799425158469719
606,4.668011978638781
262,18.238678102214653
853,14.276439817958924
639,40.006224676344566
601,17.334792493618814
854,14.065945909107837
637,17.06238861157623
862,10.301819539064896
608,13.44684617719288
630,21.878984525874603
831,14.846011571320684
456,14.004035935916342
664,12.976330380937512
238,13.372554209363086
836,17.83007227915078
663,40.538650445791426
809,18.189150123661456
207,26.274592622470802
800,12.86489242919282
231,16.257558960086786
655,17.334792493618814
467,11.98577080987358
807,14.846011571320684
209,26.274592622470802
460,13.397318198639685
652,11.007593233447947
838,10.301819539064896
255,33.728553394726895
631,15.972773083405908
864,8.419756354043423
636,21.878984525874603
404,18.238678102214653
252,18.771103871661516
863,16.80236672417195
609,27.017512300768754
290,15.613695238895232
264,18.02818419336357
600,35.80872849396115
855,14.846011571320684
435,11.837186874213991
607,17.334792493618814
263,26.79463639727937
852,20.120741287236125
638,13.285880246894992
208,29.011013437534917
806,14.065945909107837
653,27.02989429540705
461,11.973388815235282
839,16.80236672417195
237,10.37611150689469
495,26.274592622470802
459,11.973388815235282
801,21.185592826129852
492,24.627787335577015
466,13.545902134299274
654,4.668011978638781
837,13.384936204001384
239,10.37611150689469
450,14.103091893022736
662,16.95095065983154
808,13.323026230809889
468,13.422082187916281
830,14.065945909107837
201,25.44499898170476
665,38.508003325110366
525,10.37611150689469
56,27.7975779629816
728,13.261116257618394
374,15.229853405107958
522,14.969831517703676
380,13.372554209363086
179,11.98577080987358
514,14.004035935916342
726,15.427965319320744
184,13.830688010980154
183,11.341907088682024
177,11.98577080987358
721,14.078327903746137
513,11.750512911745897
148,15.613695238895232
578,12.456286606128948
781,14.276439817958924
775,13.01347636485241
772,14.016417930554642
540,18.771103871661516
786,20.90080694944897
549,26.79463639727937
320,13.545902134299274
744,16.95095065983154
576,8.63025026289451
582,21.878984525874603
788,17.83007227915078
585,27.35182615600283
743,19.340675625023277
344,27.7975779629816
149,11.837186874213991
185,11.341907088682024
727,14.078327903746137
515,11.750512911745897
171,11.973388815235282
92,13.372554209363086
147,11.837186874213991
50,23.71151973234288
178,13.545902134299274
140,7.9120945738731585
386,19.192091689363686
68,22.399028300683167
729,22.720960161278946
789,13.384936204001384
742,14.969831517703676
570,16.95095065983154
326,13.830688010980154
584,12.456286606128948
583,15.972773083405908
577,15.972773083405908
745,14.004035935916342
32,13.545902134299274
787,20.690313040597886
773,13.050622348767307
579,27.35182615600283
122,14.994595506980275
774,12.914420407746016
546,19.340675625023277
780,20.120741287236125
564,9.744629780341434
756,8.63025026289451
332,13.310644236171589
590,13.285880246894992
769,13.966889952001445
597,40.006224676344566
751,14.004035935916342
563,10.475167464001084
793,13.966889952001445
767,18.771103871661516
555,21.693254606300115
26,13.397318198639685
758,13.422082187916281
552,18.02818419336357
760,13.657340086043966
794,13.929743968086548
599,40.848200311748904
539,32.46558994162038
162,14.103091893022736
350,29.011013437534917
734,13.347790220086488
196,23.71151973234288
86,15.229853405107958
368,14.004035935916342
191,11.081885201277743
501,22.49808425778956
733,14.103091893022736
165,12.666780514980033
44,13.310644236171589
198,22.720960161278946
508,14.77171960349089
153,13.669722080682265
537,32.46558994162038
154,15.799425158469719
392,19.105417726895592
795,13.929743968086548
761,18.771103871661516
20,15.316527367576052
598,17.607196375661395
766,13.657340086043966
302,16.009919067320805
792,8.419756354043423
759,24.627787335577015
562,9.385551935830758
750,8.63025026289451
596,13.285880246894992
591,40.006224676344566
757,14.090709898384436
768,9.744629780341434
531,27.36420815064113
155,13.669722080682265
509,14.524079710724907
732,15.427965319320744
356,22.399028300683167
190,13.310644236171589
74,14.77171960349089
538,19.105417726895592
80,14.004035935916342
197,23.179093962896015
507,14.524079710724907
735,25.383089008513263
647,40.848200311748904
812,17.83007227915078
486,22.720960161278946
640,17.607196375661395
472,13.830688010980154
815,16.80236672417195
444,14.090709898384436
823,13.01347636485241
649,17.334792493618814
215,22.49808425778956
443,13.669722080682265
671,38.508003325110366
824,12.86489242919282
428,7.9120945738731585
625,15.972773083405908
279,29.791079099747762
410,14.994595506980275
622,12.976330380937512
246,18.56060996281043
848,12.86489242919282
841,13.966889952001445
270,15.427965319320744
614,16.95095065983154
846,12.914420407746016
613,18.622519936001925
214,22.399028300683167
670,12.976330380937512
442,15.799425158469719
489,25.44499898170476
825,21.185592826129852
213,22.49808425778956
822,12.914420407746016
648,35.80872849396115
225,11.750512911745897
473,11.341907088682024
641,40.848200311748904
814,10.301819539064896
2,15.613695238895232
480,13.44684617719288
646,17.607196375661395
474,13.347790220086488
222,14.598371678554702
813,13.384936204001384
847,13.01347636485241
249,32.46558994162038
282,16.95095065983154
612,4.668011978638781
276,9.744629780341434
840,8.419756354043423
615,40.538650445791426
285,6.810097051064534
623,38.508003325110366
849,21.185592826129852
240,12.939184397022615
416,9.385551935830758
624,9.769393769618032
835,20.690313040597886
660,4.668011978638781
204,24.627787335577015
658,11.007593233447947
832,13.323026230809889
203,25.44499898170476
667,18.622519936001925
455,12.666780514980033
804,20.120741287236125
497,26.274592622470802
651,27.017512300768754
669,40.538650445791426
803,32.205568054216094
232,15.229853405107958
656,13.44684617719288
490,27.7975779629816
602,13.44684617719288
857,18.189150123661456
437,11.837186874213991
605,27.02989429540705
261,26.79463639727937
850,31.71028826868413
257,33.728553394726895
859,20.690313040597886
633,27.35182615600283
268,14.994595506980275
634,15.378437340767547
250,19.105417726895592
861,13.384936204001384
668,16.95095065983154
802,31.71028826868413
491,25.44499898170476
233,16.257558960086786
657,27.017512300768754
465,11.98577080987358
805,14.276439817958924
462,13.261116257618394
650,13.44684617719288
234,14.969831517703676
496,29.011013437534917
659,27.02989429540705
833,18.176768129023156
202,27.7975779629816
454,15.316527367576052
666,9.769393769618032
498,25.383089008513263
834,20.90080694944897
661,18.622519936001925
453,12.666780514980033
635,27.574702059492214
251,32.46558994162038
860,17.83007227915078
438,14.078327903746137
858,20.90080694944897
256,19.811191421278647
632,12.456286606128948
269,21.693254606300115
604,11.007593233447947
436,15.613695238895232
851,32.205568054216094
267,21.693254606300115
603,27.017512300768754
856,13.323026230809889
258,19.340675625023277
588,21.878984525874603
543,33.728553394726895
771,13.929743968086548
785,18.189150123661456
749,18.02818419336357
782,14.065945909107837
776,12.86489242919282
544,19.811191421278647
586,15.378437340767547
740,13.347790220086488
116,18.238678102214653
778,31.71028826868413
575,6.810097051064534
747,21.755164579491613
581,27.574702059492214
521,16.257558960086786
526,13.372554209363086
189,11.081885201277743
519,16.257558960086786
180,13.422082187916281
174,13.261116257618394
510,14.598371678554702
722,13.261116257618394
725,18.56060996281043
173,11.973388815235282
528,12.939184397022615
779,32.205568054216094
580,15.378437340767547
38,13.830688010980154
110,19.811191421278647
746,13.44684617719288
574,7.9120945738731585
128,9.385551935830758
573,6.810097051064534
741,25.383089008513263
587,27.574702059492214
748,12.939184397022615
545,33.728553394726895
777,21.185592826129852
783,14.846011571320684
589,17.06238861157623
784,13.323026230809889
770,13.929743968086548
314,13.397318198639685
186,13.347790220086488
516,13.657340086043966
724,14.598371678554702
172,13.397318198639685
723,22.720960161278946
62,29.011013437534917
527,10.37611150689469
98,19.192091689363686
520,15.229853405107958
159,11.911478842043785
192,13.44684617719288
730,14.598371678554702
502,22.399028300683167
166,15.316527367576052
398,19.811191421278647
161,11.911478842043785
737,19.340675625023277
195,23.179093962896015
168,14.004035935916342
533,27.36420815064113
739,14.103091893022736
150,14.078327903746137
362,14.77171960349089
534,18.56060996281043
594,35.80872849396115
104,19.105417726895592
752,13.44684617719288
799,13.01347636485241
755,18.02818419336357
567,29.791079099747762
593,40.848200311748904
558,15.427965319320744
14,16.009919067320805
763,14.090709898384436
551,26.79463639727937
797,13.050622348767307
338,23.71151973234288
790,10.301819539064896
556,14.994595506980275
764,13.422082187916281
569,29.791079099747762
738,16.95095065983154
532,19.192091689363686
156,14.090709898384436
160,16.009919067320805
736,14.969831517703676
504,21.755164579491613
503,22.49808425778956
731,18.56060996281043
167,12.666780514980033
765,24.627787335577015
557,21.693254606300115
791,16.80236672417195
568,17.347174488257114
796,14.016417930554642
134,17.347174488257114
550,18.238678102214653
762,9.744629780341434
592,17.607196375661395
754,12.939184397022615
753,21.755164579491613
561,10.475167464001084
595,17.06238861157623
308,15.316527367576052
798,12.914420407746016
621,40.538650445791426
245,27.36420815064113
619,18.622519936001925
626,12.456286606128948
845,13.050622348767307
422,17.347174488257114
610,11.007593233447947
274,9.385551935830758
280,17.347174488257114
628,15.378437340767547
842,13.929743968086548
287,6.810097051064534
273,10.475167464001084
617,38.508003325110366
485,23.179093962896015
227,11.750512911745897
829,14.276439817958924
471,11.341907088682024
643,17.06238861157623
816,8.419756354043423
644,13.285880246894992
220,14.77171960349089
811,20.690313040597886
449,11.911478842043785
818,13.929743968086548
216,21.755164579491613
672,9.769393769618032
827,32.205568054216094
447,11.911478842043785
820,14.016417930554642
478,13.310644236171589
629,27.574702059492214
843,13.929743968086548
616,12.976330380937512
286,7.9120945738731585
844,14.016417930554642
281,29.791079099747762
611,27.02989429540705
275,10.475167464001084
288,8.63025026289451
618,9.769393769618032
243,27.36420815064113
627,27.35182615600283
620,16.95095065983154
244,19.192091689363686
210,25.383089008513263
8,15.799425158469719
821,13.050622348767307
479,11.081885201277743
819,13.929743968086548
441,13.669722080682265
826,31.71028826868413
228,13.657340086043966
483,23.179093962896015
477,11.081885201277743
645,40.006224676344566
221,14.524079710724907
810,20.90080694944897
448,16.009919067320805
828,20.120741287236125
226,14.004035935916342
642,35.80872849396115
484,23.71151973234288
219,14.524079710724907
817,13.966889952001445
