testcase,filepath
296,vcf/TESTCASES_bedded/TestCase 296/snp_SRR7890919-SRR7890919bwa2-SRR7890918-SRR7890918bwa2_mutect.vcf.secondbed.vcf.recode.vcf
606,vcf/TESTCASES_bedded/TestCase 606/snp_SRR7890880-SRR7890880bowtie-SRR7890879-SRR7890879bowtie_somaticsniper.vcf.filtered.recode.vcf
262,vcf/TESTCASES_bedded/TestCase 262/snp_SRR7890919-SRR7890919bwa2-SRR7890918-SRR7890918bwa2_somaticsniper.vcf.filtered.recode.vcf
853,vcf/TESTCASES_bedded/TestCase 853/snp_SRR7890874_bowtie-SRR7890883_bowtie_strelka.vcf.secondbed.vcf.recode.vcf
639,vcf/TESTCASES_bedded/TestCase 639/snp_SRR7890880_bwa2-SRR7890879_bwa2_strelka.vcf.secondbed.vcf.recode.vcf
601,vcf/TESTCASES_bedded/TestCase 601/snp_SRR7890880-SRR7890880bwa2-SRR7890879-SRR7890879bwa2_mutect.vcf.secondbed.vcf.recode.vcf
854,vcf/TESTCASES_bedded/TestCase 854/snp_SRR7890874-SRR7890874bowtie-SRR7890883-SRR7890883bowtie_strelka.vcf.secondbed.vcf.recode.vcf
637,vcf/TESTCASES_bedded/TestCase 637/snp_SRR7890880_bwa2-SRR7890879_bwa2_mutect.vcf.secondbed.vcf.recode.vcf
862,vcf/TESTCASES_bedded/TestCase 862/snp_SRR7890874-SRR7890874bowtie-SRR7890883-SRR7890883bowtie_somaticsniper.vcf.filtered.recode.vcf
608,vcf/TESTCASES_bedded/TestCase 608/snp_SRR7890880-SRR7890880bowtie-SRR7890879-SRR7890879bowtie_mutect.vcf.secondbed.vcf.recode.vcf
630,vcf/TESTCASES_bedded/TestCase 630/snp_SRR7890880_bowtie-SRR7890879_bowtie_somaticsniper.vcf.filtered.recode.vcf
831,vcf/TESTCASES_bedded/TestCase 831/snp_SRR7890874_bowtie-SRR7890883_bowtie_strelka.vcf.secondbed.vcf.recode.vcf
456,vcf/TESTCASES_bedded/TestCase 456/snp_SRR7890845-SRR7890845bwa2-SRR7890844-SRR7890844bwa2_mutect.vcf.secondbed.vcf.recode.vcf
664,vcf/TESTCASES_bedded/TestCase 664/snp_SRR7890880-SRR7890880bowtie-SRR7890879-SRR7890879bowtie_strelka.vcf.secondbed.vcf.recode.vcf
238,vcf/TESTCASES_bedded/TestCase 238/snp_SRR7890919-SRR7890919bowtie-SRR7890918-SRR7890918bowtie_strelka.vcf.secondbed.vcf.recode.vcf
836,vcf/TESTCASES_bedded/TestCase 836/snp_SRR7890874-SRR7890874bwa2-SRR7890883-SRR7890883bwa2_somaticsniper.vcf.filtered.recode.vcf
663,vcf/TESTCASES_bedded/TestCase 663/snp_SRR7890880-SRR7890880bwa2-SRR7890879-SRR7890879bwa2_strelka.vcf.secondbed.vcf.recode.vcf
809,vcf/TESTCASES_bedded/TestCase 809/snp_SRR7890874_bwa2-SRR7890883_bwa2_somaticsniper.vcf.filtered.recode.vcf
207,vcf/TESTCASES_bedded/TestCase 207/snp_SRR7890851_bwa2-SRR7890850_bwa2_strelka.vcf.secondbed.vcf.recode.vcf
800,vcf/TESTCASES_bedded/TestCase 800/snp_SRR7890874-SRR7890874bowtie-SRR7890883-SRR7890883bowtie_mutect.vcf.secondbed.vcf.recode.vcf
231,vcf/TESTCASES_bedded/TestCase 231/snp_SRR7890851_bowtie-SRR7890850_bowtie_strelka.vcf.secondbed.vcf.recode.vcf
655,vcf/TESTCASES_bedded/TestCase 655/snp_SRR7890880-SRR7890880bwa2-SRR7890879-SRR7890879bwa2_mutect.vcf.secondbed.vcf.recode.vcf
467,vcf/TESTCASES_bedded/TestCase 467/snp_SRR7890851-SRR7890851bowtie-SRR7890850-SRR7890850bowtie_mutect.vcf.secondbed.vcf.recode.vcf
807,vcf/TESTCASES_bedded/TestCase 807/snp_SRR7890874_bowtie-SRR7890883_bowtie_strelka.vcf.secondbed.vcf.recode.vcf
209,vcf/TESTCASES_bedded/TestCase 209/snp_SRR7890851_bwa2-SRR7890850_bwa2_strelka.vcf.secondbed.vcf.recode.vcf
460,vcf/TESTCASES_bedded/TestCase 460/snp_SRR7890919_bowtie-SRR7890918_bowtie_mutect.vcf.secondbed.vcf.recode.vcf
652,vcf/TESTCASES_bedded/TestCase 652/snp_SRR7890880-SRR7890880bowtie-SRR7890879-SRR7890879bowtie_strelka.vcf.secondbed.vcf.recode.vcf
838,vcf/TESTCASES_bedded/TestCase 838/snp_SRR7890874-SRR7890874bowtie-SRR7890883-SRR7890883bowtie_somaticsniper.vcf.filtered.recode.vcf
255,vcf/TESTCASES_bedded/TestCase 255/snp_SRR7890851_bwa2-SRR7890850_bwa2_somaticsniper.vcf.filtered.recode.vcf
631,vcf/TESTCASES_bedded/TestCase 631/snp_SRR7890880_bwa2-SRR7890879_bwa2_mutect.vcf.secondbed.vcf.recode.vcf
864,vcf/TESTCASES_bedded/TestCase 864/snp_SRR7890874-SRR7890874bowtie-SRR7890883-SRR7890883bowtie_somaticsniper.vcf.filtered.recode.vcf
636,vcf/TESTCASES_bedded/TestCase 636/snp_SRR7890880_bowtie-SRR7890879_bowtie_somaticsniper.vcf.filtered.recode.vcf
404,vcf/TESTCASES_bedded/TestCase 404/snp_SRR7890919-SRR7890919bwa2-SRR7890918-SRR7890918bwa2_somaticsniper.vcf.filtered.recode.vcf
252,vcf/TESTCASES_bedded/TestCase 252/snp_SRR7890845-SRR7890845bwa2-SRR7890844-SRR7890844bwa2_somaticsniper.vcf.filtered.recode.vcf
863,vcf/TESTCASES_bedded/TestCase 863/snp_SRR7890874_bowtie-SRR7890883_bowtie_somaticsniper.vcf.filtered.recode.vcf
609,vcf/TESTCASES_bedded/TestCase 609/snp_SRR7890880-SRR7890880bwa2-SRR7890879-SRR7890879bwa2_strelka.vcf.secondbed.vcf.recode.vcf
290,vcf/TESTCASES_bedded/TestCase 290/snp_SRR7890919_bwa2-SRR7890918_bwa2_mutect.vcf.secondbed.vcf.recode.vcf
264,vcf/TESTCASES_bedded/TestCase 264/snp_SRR7890845-SRR7890845bwa2-SRR7890844-SRR7890844bwa2_somaticsniper.vcf.filtered.recode.vcf
600,vcf/TESTCASES_bedded/TestCase 600/snp_SRR7890880_bowtie-SRR7890879_bowtie_somaticsniper.vcf.filtered.recode.vcf
855,vcf/TESTCASES_bedded/TestCase 855/snp_SRR7890874_bowtie-SRR7890883_bowtie_strelka.vcf.secondbed.vcf.recode.vcf
435,vcf/TESTCASES_bedded/TestCase 435/snp_SRR7890851_bwa2-SRR7890850_bwa2_mutect.vcf.secondbed.vcf.recode.vcf
607,vcf/TESTCASES_bedded/TestCase 607/snp_SRR7890880-SRR7890880bwa2-SRR7890879-SRR7890879bwa2_mutect.vcf.secondbed.vcf.recode.vcf
263,vcf/TESTCASES_bedded/TestCase 263/snp_SRR7890851-SRR7890851bwa2-SRR7890850-SRR7890850bwa2_somaticsniper.vcf.filtered.recode.vcf
852,vcf/TESTCASES_bedded/TestCase 852/snp_SRR7890874-SRR7890874bwa2-SRR7890883-SRR7890883bwa2_strelka.vcf.secondbed.vcf.recode.vcf
638,vcf/TESTCASES_bedded/TestCase 638/snp_SRR7890880_bowtie-SRR7890879_bowtie_mutect.vcf.secondbed.vcf.recode.vcf
208,vcf/TESTCASES_bedded/TestCase 208/snp_SRR7890919_bwa2-SRR7890918_bwa2_strelka.vcf.secondbed.vcf.recode.vcf
806,vcf/TESTCASES_bedded/TestCase 806/snp_SRR7890874-SRR7890874bowtie-SRR7890883-SRR7890883bowtie_strelka.vcf.secondbed.vcf.recode.vcf
653,vcf/TESTCASES_bedded/TestCase 653/snp_SRR7890880-SRR7890880bwa2-SRR7890879-SRR7890879bwa2_somaticsniper.vcf.filtered.recode.vcf
461,vcf/TESTCASES_bedded/TestCase 461/snp_SRR7890851_bowtie-SRR7890850_bowtie_mutect.vcf.secondbed.vcf.recode.vcf
839,vcf/TESTCASES_bedded/TestCase 839/snp_SRR7890874_bowtie-SRR7890883_bowtie_somaticsniper.vcf.filtered.recode.vcf
237,vcf/TESTCASES_bedded/TestCase 237/snp_SRR7890851-SRR7890851bowtie-SRR7890850-SRR7890850bowtie_strelka.vcf.secondbed.vcf.recode.vcf
495,vcf/TESTCASES_bedded/TestCase 495/snp_SRR7890851_bwa2-SRR7890850_bwa2_strelka.vcf.secondbed.vcf.recode.vcf
459,vcf/TESTCASES_bedded/TestCase 459/snp_SRR7890851_bowtie-SRR7890850_bowtie_mutect.vcf.secondbed.vcf.recode.vcf
801,vcf/TESTCASES_bedded/TestCase 801/snp_SRR7890874_bwa2-SRR7890883_bwa2_strelka.vcf.secondbed.vcf.recode.vcf
492,vcf/TESTCASES_bedded/TestCase 492/snp_SRR7890845-SRR7890845bwa2-SRR7890844-SRR7890844bwa2_strelka.vcf.secondbed.vcf.recode.vcf
466,vcf/TESTCASES_bedded/TestCase 466/snp_SRR7890919-SRR7890919bowtie-SRR7890918-SRR7890918bowtie_mutect.vcf.secondbed.vcf.recode.vcf
654,vcf/TESTCASES_bedded/TestCase 654/snp_SRR7890880-SRR7890880bowtie-SRR7890879-SRR7890879bowtie_somaticsniper.vcf.filtered.recode.vcf
837,vcf/TESTCASES_bedded/TestCase 837/snp_SRR7890874_bowtie-SRR7890883_bowtie_somaticsniper.vcf.filtered.recode.vcf
239,vcf/TESTCASES_bedded/TestCase 239/snp_SRR7890851-SRR7890851bowtie-SRR7890850-SRR7890850bowtie_strelka.vcf.secondbed.vcf.recode.vcf
450,vcf/TESTCASES_bedded/TestCase 450/snp_SRR7890845_bwa2-SRR7890844_bwa2_mutect.vcf.secondbed.vcf.recode.vcf
662,vcf/TESTCASES_bedded/TestCase 662/snp_SRR7890880-SRR7890880bowtie-SRR7890879-SRR7890879bowtie_mutect.vcf.secondbed.vcf.recode.vcf
808,vcf/TESTCASES_bedded/TestCase 808/snp_SRR7890874-SRR7890874bowtie-SRR7890883-SRR7890883bowtie_strelka.vcf.secondbed.vcf.recode.vcf
468,vcf/TESTCASES_bedded/TestCase 468/snp_SRR7890845-SRR7890845bowtie-SRR7890844-SRR7890844bowtie_mutect.vcf.secondbed.vcf.recode.vcf
830,vcf/TESTCASES_bedded/TestCase 830/snp_SRR7890874-SRR7890874bowtie-SRR7890883-SRR7890883bowtie_strelka.vcf.secondbed.vcf.recode.vcf
201,vcf/TESTCASES_bedded/TestCase 201/snp_SRR7890851-SRR7890851bwa2-SRR7890850-SRR7890850bwa2_strelka.vcf.secondbed.vcf.recode.vcf
665,vcf/TESTCASES_bedded/TestCase 665/snp_SRR7890880-SRR7890880bwa2-SRR7890879-SRR7890879bwa2_somaticsniper.vcf.filtered.recode.vcf
525,vcf/TESTCASES_bedded/TestCase 525/snp_SRR7890851-SRR7890851bowtie-SRR7890850-SRR7890850bowtie_strelka.vcf.secondbed.vcf.recode.vcf
56,vcf/TESTCASES_bedded/TestCase 56/snp_SRR7890919-SRR7890919bwa2-SRR7890918-SRR7890918bwa2_strelka.vcf.secondbed.vcf.recode.vcf
728,vcf/TESTCASES_bedded/TestCase 728/snp_SRR7890845_bowtie-SRR7890844_bowtie_mutect.vcf.secondbed.vcf.recode.vcf
374,vcf/TESTCASES_bedded/TestCase 374/snp_SRR7890919_bowtie-SRR7890918_bowtie_strelka.vcf.secondbed.vcf.recode.vcf
522,vcf/TESTCASES_bedded/TestCase 522/snp_SRR7890845_bowtie-SRR7890844_bowtie_strelka.vcf.secondbed.vcf.recode.vcf
380,vcf/TESTCASES_bedded/TestCase 380/snp_SRR7890919-SRR7890919bowtie-SRR7890918-SRR7890918bowtie_strelka.vcf.secondbed.vcf.recode.vcf
179,vcf/TESTCASES_bedded/TestCase 179/snp_SRR7890851-SRR7890851bowtie-SRR7890850-SRR7890850bowtie_mutect.vcf.secondbed.vcf.recode.vcf
514,vcf/TESTCASES_bedded/TestCase 514/snp_SRR7890919-SRR7890919bowtie-SRR7890918-SRR7890918bowtie_strelka.vcf.secondbed.vcf.recode.vcf
726,vcf/TESTCASES_bedded/TestCase 726/snp_SRR7890845_bowtie-SRR7890844_bowtie_somaticsniper.vcf.filtered.recode.vcf
184,vcf/TESTCASES_bedded/TestCase 184/snp_SRR7890919_bowtie-SRR7890918_bowtie_mutect.vcf.secondbed.vcf.recode.vcf
183,vcf/TESTCASES_bedded/TestCase 183/snp_SRR7890851_bowtie-SRR7890850_bowtie_mutect.vcf.secondbed.vcf.recode.vcf
177,vcf/TESTCASES_bedded/TestCase 177/snp_SRR7890851-SRR7890851bowtie-SRR7890850-SRR7890850bowtie_mutect.vcf.secondbed.vcf.recode.vcf
721,vcf/TESTCASES_bedded/TestCase 721/snp_SRR7890845_bwa2-SRR7890844_bwa2_mutect.vcf.secondbed.vcf.recode.vcf
513,vcf/TESTCASES_bedded/TestCase 513/snp_SRR7890851-SRR7890851bowtie-SRR7890850-SRR7890850bowtie_strelka.vcf.secondbed.vcf.recode.vcf
148,vcf/TESTCASES_bedded/TestCase 148/snp_SRR7890919_bwa2-SRR7890918_bwa2_mutect.vcf.secondbed.vcf.recode.vcf
578,vcf/TESTCASES_bedded/TestCase 578/snp_SRR7890880_bowtie-SRR7890879_bowtie_mutect.vcf.secondbed.vcf.recode.vcf
781,vcf/TESTCASES_bedded/TestCase 781/snp_SRR7890874_bowtie-SRR7890883_bowtie_strelka.vcf.secondbed.vcf.recode.vcf
775,vcf/TESTCASES_bedded/TestCase 775/snp_SRR7890874_bowtie-SRR7890883_bowtie_mutect.vcf.secondbed.vcf.recode.vcf
772,vcf/TESTCASES_bedded/TestCase 772/snp_SRR7890874-SRR7890874bwa2-SRR7890883-SRR7890883bwa2_mutect.vcf.secondbed.vcf.recode.vcf
540,vcf/TESTCASES_bedded/TestCase 540/snp_SRR7890845-SRR7890845bwa2-SRR7890844-SRR7890844bwa2_somaticsniper.vcf.filtered.recode.vcf
786,vcf/TESTCASES_bedded/TestCase 786/snp_SRR7890874-SRR7890874bwa2-SRR7890883-SRR7890883bwa2_somaticsniper.vcf.filtered.recode.vcf
549,vcf/TESTCASES_bedded/TestCase 549/snp_SRR7890851-SRR7890851bwa2-SRR7890850-SRR7890850bwa2_somaticsniper.vcf.filtered.recode.vcf
320,vcf/TESTCASES_bedded/TestCase 320/snp_SRR7890919-SRR7890919bowtie-SRR7890918-SRR7890918bowtie_mutect.vcf.secondbed.vcf.recode.vcf
744,vcf/TESTCASES_bedded/TestCase 744/snp_SRR7890845_bowtie-SRR7890844_bowtie_somaticsniper.vcf.filtered.recode.vcf
576,vcf/TESTCASES_bedded/TestCase 576/snp_SRR7890845-SRR7890845bowtie-SRR7890844-SRR7890844bowtie_somaticsniper.vcf.filtered.recode.vcf
582,vcf/TESTCASES_bedded/TestCase 582/snp_SRR7890880_bowtie-SRR7890879_bowtie_somaticsniper.vcf.filtered.recode.vcf
788,vcf/TESTCASES_bedded/TestCase 788/snp_SRR7890874-SRR7890874bwa2-SRR7890883-SRR7890883bwa2_somaticsniper.vcf.filtered.recode.vcf
585,vcf/TESTCASES_bedded/TestCase 585/snp_SRR7890880_bwa2-SRR7890879_bwa2_strelka.vcf.secondbed.vcf.recode.vcf
743,vcf/TESTCASES_bedded/TestCase 743/snp_SRR7890845_bwa2-SRR7890844_bwa2_somaticsniper.vcf.filtered.recode.vcf
344,vcf/TESTCASES_bedded/TestCase 344/snp_SRR7890919-SRR7890919bwa2-SRR7890918-SRR7890918bwa2_strelka.vcf.secondbed.vcf.recode.vcf
149,vcf/TESTCASES_bedded/TestCase 149/snp_SRR7890851_bwa2-SRR7890850_bwa2_mutect.vcf.secondbed.vcf.recode.vcf
185,vcf/TESTCASES_bedded/TestCase 185/snp_SRR7890851_bowtie-SRR7890850_bowtie_mutect.vcf.secondbed.vcf.recode.vcf
727,vcf/TESTCASES_bedded/TestCase 727/snp_SRR7890845_bwa2-SRR7890844_bwa2_mutect.vcf.secondbed.vcf.recode.vcf
515,vcf/TESTCASES_bedded/TestCase 515/snp_SRR7890851-SRR7890851bowtie-SRR7890850-SRR7890850bowtie_strelka.vcf.secondbed.vcf.recode.vcf
171,vcf/TESTCASES_bedded/TestCase 171/snp_SRR7890851_bowtie-SRR7890850_bowtie_mutect.vcf.secondbed.vcf.recode.vcf
92,vcf/TESTCASES_bedded/TestCase 92/snp_SRR7890919-SRR7890919bowtie-SRR7890918-SRR7890918bowtie_strelka.vcf.secondbed.vcf.recode.vcf
147,vcf/TESTCASES_bedded/TestCase 147/snp_SRR7890851_bwa2-SRR7890850_bwa2_mutect.vcf.secondbed.vcf.recode.vcf
50,vcf/TESTCASES_bedded/TestCase 50/snp_SRR7890919_bwa2-SRR7890918_bwa2_strelka.vcf.secondbed.vcf.recode.vcf
178,vcf/TESTCASES_bedded/TestCase 178/snp_SRR7890919-SRR7890919bowtie-SRR7890918-SRR7890918bowtie_mutect.vcf.secondbed.vcf.recode.vcf
140,vcf/TESTCASES_bedded/TestCase 140/snp_SRR7890919-SRR7890919bowtie-SRR7890918-SRR7890918bowtie_somaticsniper.vcf.filtered.recode.vcf
386,vcf/TESTCASES_bedded/TestCase 386/snp_SRR7890919_bwa2-SRR7890918_bwa2_somaticsniper.vcf.filtered.recode.vcf
68,vcf/TESTCASES_bedded/TestCase 68/snp_SRR7890919-SRR7890919bwa2-SRR7890918-SRR7890918bwa2_strelka.vcf.secondbed.vcf.recode.vcf
729,vcf/TESTCASES_bedded/TestCase 729/snp_SRR7890845_bwa2-SRR7890844_bwa2_strelka.vcf.secondbed.vcf.recode.vcf
789,vcf/TESTCASES_bedded/TestCase 789/snp_SRR7890874_bowtie-SRR7890883_bowtie_somaticsniper.vcf.filtered.recode.vcf
742,vcf/TESTCASES_bedded/TestCase 742/snp_SRR7890845_bowtie-SRR7890844_bowtie_strelka.vcf.secondbed.vcf.recode.vcf
570,vcf/TESTCASES_bedded/TestCase 570/snp_SRR7890845_bowtie-SRR7890844_bowtie_somaticsniper.vcf.filtered.recode.vcf
326,vcf/TESTCASES_bedded/TestCase 326/snp_SRR7890919_bowtie-SRR7890918_bowtie_mutect.vcf.secondbed.vcf.recode.vcf
584,vcf/TESTCASES_bedded/TestCase 584/snp_SRR7890880_bowtie-SRR7890879_bowtie_mutect.vcf.secondbed.vcf.recode.vcf
583,vcf/TESTCASES_bedded/TestCase 583/snp_SRR7890880_bwa2-SRR7890879_bwa2_mutect.vcf.secondbed.vcf.recode.vcf
577,vcf/TESTCASES_bedded/TestCase 577/snp_SRR7890880_bwa2-SRR7890879_bwa2_mutect.vcf.secondbed.vcf.recode.vcf
745,vcf/TESTCASES_bedded/TestCase 745/snp_SRR7890845-SRR7890845bwa2-SRR7890844-SRR7890844bwa2_mutect.vcf.secondbed.vcf.recode.vcf
32,vcf/TESTCASES_bedded/TestCase 32/snp_SRR7890919-SRR7890919bowtie-SRR7890918-SRR7890918bowtie_mutect.vcf.secondbed.vcf.recode.vcf
787,vcf/TESTCASES_bedded/TestCase 787/snp_SRR7890874_bwa2-SRR7890883_bwa2_somaticsniper.vcf.filtered.recode.vcf
773,vcf/TESTCASES_bedded/TestCase 773/snp_SRR7890874_bowtie-SRR7890883_bowtie_mutect.vcf.secondbed.vcf.recode.vcf
579,vcf/TESTCASES_bedded/TestCase 579/snp_SRR7890880_bwa2-SRR7890879_bwa2_strelka.vcf.secondbed.vcf.recode.vcf
122,vcf/TESTCASES_bedded/TestCase 122/snp_SRR7890919_bowtie-SRR7890918_bowtie_somaticsniper.vcf.filtered.recode.vcf
774,vcf/TESTCASES_bedded/TestCase 774/snp_SRR7890874-SRR7890874bowtie-SRR7890883-SRR7890883bowtie_mutect.vcf.secondbed.vcf.recode.vcf
546,vcf/TESTCASES_bedded/TestCase 546/snp_SRR7890845_bwa2-SRR7890844_bwa2_somaticsniper.vcf.filtered.recode.vcf
780,vcf/TESTCASES_bedded/TestCase 780/snp_SRR7890874-SRR7890874bwa2-SRR7890883-SRR7890883bwa2_strelka.vcf.secondbed.vcf.recode.vcf
564,vcf/TESTCASES_bedded/TestCase 564/snp_SRR7890845-SRR7890845bowtie-SRR7890844-SRR7890844bowtie_somaticsniper.vcf.filtered.recode.vcf
756,vcf/TESTCASES_bedded/TestCase 756/snp_SRR7890845-SRR7890845bowtie-SRR7890844-SRR7890844bowtie_somaticsniper.vcf.filtered.recode.vcf
332,vcf/TESTCASES_bedded/TestCase 332/snp_SRR7890919-SRR7890919bowtie-SRR7890918-SRR7890918bowtie_mutect.vcf.secondbed.vcf.recode.vcf
590,vcf/TESTCASES_bedded/TestCase 590/snp_SRR7890880_bowtie-SRR7890879_bowtie_mutect.vcf.secondbed.vcf.recode.vcf
769,vcf/TESTCASES_bedded/TestCase 769/snp_SRR7890874_bwa2-SRR7890883_bwa2_mutect.vcf.secondbed.vcf.recode.vcf
597,vcf/TESTCASES_bedded/TestCase 597/snp_SRR7890880_bwa2-SRR7890879_bwa2_strelka.vcf.secondbed.vcf.recode.vcf
751,vcf/TESTCASES_bedded/TestCase 751/snp_SRR7890845-SRR7890845bwa2-SRR7890844-SRR7890844bwa2_mutect.vcf.secondbed.vcf.recode.vcf
563,vcf/TESTCASES_bedded/TestCase 563/snp_SRR7890851-SRR7890851bowtie-SRR7890850-SRR7890850bowtie_somaticsniper.vcf.filtered.recode.vcf
793,vcf/TESTCASES_bedded/TestCase 793/snp_SRR7890874_bwa2-SRR7890883_bwa2_mutect.vcf.secondbed.vcf.recode.vcf
767,vcf/TESTCASES_bedded/TestCase 767/snp_SRR7890845-SRR7890845bwa2-SRR7890844-SRR7890844bwa2_somaticsniper.vcf.filtered.recode.vcf
555,vcf/TESTCASES_bedded/TestCase 555/snp_SRR7890851_bowtie-SRR7890850_bowtie_somaticsniper.vcf.filtered.recode.vcf
26,vcf/TESTCASES_bedded/TestCase 26/snp_SRR7890919_bowtie-SRR7890918_bowtie_mutect.vcf.secondbed.vcf.recode.vcf
758,vcf/TESTCASES_bedded/TestCase 758/snp_SRR7890845-SRR7890845bowtie-SRR7890844-SRR7890844bowtie_mutect.vcf.secondbed.vcf.recode.vcf
552,vcf/TESTCASES_bedded/TestCase 552/snp_SRR7890845-SRR7890845bwa2-SRR7890844-SRR7890844bwa2_somaticsniper.vcf.filtered.recode.vcf
760,vcf/TESTCASES_bedded/TestCase 760/snp_SRR7890845-SRR7890845bowtie-SRR7890844-SRR7890844bowtie_strelka.vcf.secondbed.vcf.recode.vcf
794,vcf/TESTCASES_bedded/TestCase 794/snp_SRR7890874-SRR7890874bwa2-SRR7890883-SRR7890883bwa2_mutect.vcf.secondbed.vcf.recode.vcf
599,vcf/TESTCASES_bedded/TestCase 599/snp_SRR7890880_bwa2-SRR7890879_bwa2_somaticsniper.vcf.filtered.recode.vcf
539,vcf/TESTCASES_bedded/TestCase 539/snp_SRR7890851-SRR7890851bwa2-SRR7890850-SRR7890850bwa2_somaticsniper.vcf.filtered.recode.vcf
162,vcf/TESTCASES_bedded/TestCase 162/snp_SRR7890845_bwa2-SRR7890844_bwa2_mutect.vcf.secondbed.vcf.recode.vcf
350,vcf/TESTCASES_bedded/TestCase 350/snp_SRR7890919_bwa2-SRR7890918_bwa2_strelka.vcf.secondbed.vcf.recode.vcf
734,vcf/TESTCASES_bedded/TestCase 734/snp_SRR7890845_bowtie-SRR7890844_bowtie_mutect.vcf.secondbed.vcf.recode.vcf
196,vcf/TESTCASES_bedded/TestCase 196/snp_SRR7890919_bwa2-SRR7890918_bwa2_strelka.vcf.secondbed.vcf.recode.vcf
86,vcf/TESTCASES_bedded/TestCase 86/snp_SRR7890919_bowtie-SRR7890918_bowtie_strelka.vcf.secondbed.vcf.recode.vcf
368,vcf/TESTCASES_bedded/TestCase 368/snp_SRR7890919-SRR7890919bowtie-SRR7890918-SRR7890918bowtie_strelka.vcf.secondbed.vcf.recode.vcf
191,vcf/TESTCASES_bedded/TestCase 191/snp_SRR7890851-SRR7890851bowtie-SRR7890850-SRR7890850bowtie_mutect.vcf.secondbed.vcf.recode.vcf
501,vcf/TESTCASES_bedded/TestCase 501/snp_SRR7890851-SRR7890851bwa2-SRR7890850-SRR7890850bwa2_strelka.vcf.secondbed.vcf.recode.vcf
733,vcf/TESTCASES_bedded/TestCase 733/snp_SRR7890845_bwa2-SRR7890844_bwa2_mutect.vcf.secondbed.vcf.recode.vcf
165,vcf/TESTCASES_bedded/TestCase 165/snp_SRR7890851-SRR7890851bwa2-SRR7890850-SRR7890850bwa2_mutect.vcf.secondbed.vcf.recode.vcf
44,vcf/TESTCASES_bedded/TestCase 44/snp_SRR7890919-SRR7890919bowtie-SRR7890918-SRR7890918bowtie_mutect.vcf.secondbed.vcf.recode.vcf
198,vcf/TESTCASES_bedded/TestCase 198/snp_SRR7890845_bwa2-SRR7890844_bwa2_strelka.vcf.secondbed.vcf.recode.vcf
508,vcf/TESTCASES_bedded/TestCase 508/snp_SRR7890919_bowtie-SRR7890918_bowtie_strelka.vcf.secondbed.vcf.recode.vcf
153,vcf/TESTCASES_bedded/TestCase 153/snp_SRR7890851-SRR7890851bwa2-SRR7890850-SRR7890850bwa2_mutect.vcf.secondbed.vcf.recode.vcf
537,vcf/TESTCASES_bedded/TestCase 537/snp_SRR7890851-SRR7890851bwa2-SRR7890850-SRR7890850bwa2_somaticsniper.vcf.filtered.recode.vcf
154,vcf/TESTCASES_bedded/TestCase 154/snp_SRR7890919-SRR7890919bwa2-SRR7890918-SRR7890918bwa2_mutect.vcf.secondbed.vcf.recode.vcf
392,vcf/TESTCASES_bedded/TestCase 392/snp_SRR7890919-SRR7890919bwa2-SRR7890918-SRR7890918bwa2_somaticsniper.vcf.filtered.recode.vcf
795,vcf/TESTCASES_bedded/TestCase 795/snp_SRR7890874_bwa2-SRR7890883_bwa2_mutect.vcf.secondbed.vcf.recode.vcf
761,vcf/TESTCASES_bedded/TestCase 761/snp_SRR7890845-SRR7890845bwa2-SRR7890844-SRR7890844bwa2_somaticsniper.vcf.filtered.recode.vcf
20,vcf/TESTCASES_bedded/TestCase 20/snp_SRR7890919-SRR7890919bwa2-SRR7890918-SRR7890918bwa2_mutect.vcf.secondbed.vcf.recode.vcf
598,vcf/TESTCASES_bedded/TestCase 598/snp_SRR7890880_bowtie-SRR7890879_bowtie_strelka.vcf.secondbed.vcf.recode.vcf
766,vcf/TESTCASES_bedded/TestCase 766/snp_SRR7890845-SRR7890845bowtie-SRR7890844-SRR7890844bowtie_strelka.vcf.secondbed.vcf.recode.vcf
302,vcf/TESTCASES_bedded/TestCase 302/snp_SRR7890919_bwa2-SRR7890918_bwa2_mutect.vcf.secondbed.vcf.recode.vcf
792,vcf/TESTCASES_bedded/TestCase 792/snp_SRR7890874-SRR7890874bowtie-SRR7890883-SRR7890883bowtie_somaticsniper.vcf.filtered.recode.vcf
759,vcf/TESTCASES_bedded/TestCase 759/snp_SRR7890845-SRR7890845bwa2-SRR7890844-SRR7890844bwa2_strelka.vcf.secondbed.vcf.recode.vcf
562,vcf/TESTCASES_bedded/TestCase 562/snp_SRR7890919-SRR7890919bowtie-SRR7890918-SRR7890918bowtie_somaticsniper.vcf.filtered.recode.vcf
750,vcf/TESTCASES_bedded/TestCase 750/snp_SRR7890845-SRR7890845bowtie-SRR7890844-SRR7890844bowtie_somaticsniper.vcf.filtered.recode.vcf
596,vcf/TESTCASES_bedded/TestCase 596/snp_SRR7890880_bowtie-SRR7890879_bowtie_mutect.vcf.secondbed.vcf.recode.vcf
591,vcf/TESTCASES_bedded/TestCase 591/snp_SRR7890880_bwa2-SRR7890879_bwa2_strelka.vcf.secondbed.vcf.recode.vcf
757,vcf/TESTCASES_bedded/TestCase 757/snp_SRR7890845-SRR7890845bwa2-SRR7890844-SRR7890844bwa2_mutect.vcf.secondbed.vcf.recode.vcf
768,vcf/TESTCASES_bedded/TestCase 768/snp_SRR7890845-SRR7890845bowtie-SRR7890844-SRR7890844bowtie_somaticsniper.vcf.filtered.recode.vcf
531,vcf/TESTCASES_bedded/TestCase 531/snp_SRR7890851_bwa2-SRR7890850_bwa2_somaticsniper.vcf.filtered.recode.vcf
155,vcf/TESTCASES_bedded/TestCase 155/snp_SRR7890851-SRR7890851bwa2-SRR7890850-SRR7890850bwa2_mutect.vcf.secondbed.vcf.recode.vcf
509,vcf/TESTCASES_bedded/TestCase 509/snp_SRR7890851_bowtie-SRR7890850_bowtie_strelka.vcf.secondbed.vcf.recode.vcf
732,vcf/TESTCASES_bedded/TestCase 732/snp_SRR7890845_bowtie-SRR7890844_bowtie_somaticsniper.vcf.filtered.recode.vcf
356,vcf/TESTCASES_bedded/TestCase 356/snp_SRR7890919-SRR7890919bwa2-SRR7890918-SRR7890918bwa2_strelka.vcf.secondbed.vcf.recode.vcf
190,vcf/TESTCASES_bedded/TestCase 190/snp_SRR7890919-SRR7890919bowtie-SRR7890918-SRR7890918bowtie_mutect.vcf.secondbed.vcf.recode.vcf
74,vcf/TESTCASES_bedded/TestCase 74/snp_SRR7890919_bowtie-SRR7890918_bowtie_strelka.vcf.secondbed.vcf.recode.vcf
538,vcf/TESTCASES_bedded/TestCase 538/snp_SRR7890919-SRR7890919bwa2-SRR7890918-SRR7890918bwa2_somaticsniper.vcf.filtered.recode.vcf
80,vcf/TESTCASES_bedded/TestCase 80/snp_SRR7890919-SRR7890919bowtie-SRR7890918-SRR7890918bowtie_strelka.vcf.secondbed.vcf.recode.vcf
197,vcf/TESTCASES_bedded/TestCase 197/snp_SRR7890851_bwa2-SRR7890850_bwa2_strelka.vcf.secondbed.vcf.recode.vcf
507,vcf/TESTCASES_bedded/TestCase 507/snp_SRR7890851_bowtie-SRR7890850_bowtie_strelka.vcf.secondbed.vcf.recode.vcf
735,vcf/TESTCASES_bedded/TestCase 735/snp_SRR7890845_bwa2-SRR7890844_bwa2_strelka.vcf.secondbed.vcf.recode.vcf
647,vcf/TESTCASES_bedded/TestCase 647/snp_SRR7890880_bwa2-SRR7890879_bwa2_somaticsniper.vcf.filtered.recode.vcf
812,vcf/TESTCASES_bedded/TestCase 812/snp_SRR7890874-SRR7890874bwa2-SRR7890883-SRR7890883bwa2_somaticsniper.vcf.filtered.recode.vcf
486,vcf/TESTCASES_bedded/TestCase 486/snp_SRR7890845_bwa2-SRR7890844_bwa2_strelka.vcf.secondbed.vcf.recode.vcf
640,vcf/TESTCASES_bedded/TestCase 640/snp_SRR7890880_bowtie-SRR7890879_bowtie_strelka.vcf.secondbed.vcf.recode.vcf
472,vcf/TESTCASES_bedded/TestCase 472/snp_SRR7890919_bowtie-SRR7890918_bowtie_mutect.vcf.secondbed.vcf.recode.vcf
815,vcf/TESTCASES_bedded/TestCase 815/snp_SRR7890874_bowtie-SRR7890883_bowtie_somaticsniper.vcf.filtered.recode.vcf
444,vcf/TESTCASES_bedded/TestCase 444/snp_SRR7890845-SRR7890845bwa2-SRR7890844-SRR7890844bwa2_mutect.vcf.secondbed.vcf.recode.vcf
823,vcf/TESTCASES_bedded/TestCase 823/snp_SRR7890874_bowtie-SRR7890883_bowtie_mutect.vcf.secondbed.vcf.recode.vcf
649,vcf/TESTCASES_bedded/TestCase 649/snp_SRR7890880-SRR7890880bwa2-SRR7890879-SRR7890879bwa2_mutect.vcf.secondbed.vcf.recode.vcf
215,vcf/TESTCASES_bedded/TestCase 215/snp_SRR7890851-SRR7890851bwa2-SRR7890850-SRR7890850bwa2_strelka.vcf.secondbed.vcf.recode.vcf
443,vcf/TESTCASES_bedded/TestCase 443/snp_SRR7890851-SRR7890851bwa2-SRR7890850-SRR7890850bwa2_mutect.vcf.secondbed.vcf.recode.vcf
671,vcf/TESTCASES_bedded/TestCase 671/snp_SRR7890880-SRR7890880bwa2-SRR7890879-SRR7890879bwa2_somaticsniper.vcf.filtered.recode.vcf
824,vcf/TESTCASES_bedded/TestCase 824/snp_SRR7890874-SRR7890874bowtie-SRR7890883-SRR7890883bowtie_mutect.vcf.secondbed.vcf.recode.vcf
428,vcf/TESTCASES_bedded/TestCase 428/snp_SRR7890919-SRR7890919bowtie-SRR7890918-SRR7890918bowtie_somaticsniper.vcf.filtered.recode.vcf
625,vcf/TESTCASES_bedded/TestCase 625/snp_SRR7890880_bwa2-SRR7890879_bwa2_mutect.vcf.secondbed.vcf.recode.vcf
279,vcf/TESTCASES_bedded/TestCase 279/snp_SRR7890851_bowtie-SRR7890850_bowtie_somaticsniper.vcf.filtered.recode.vcf
410,vcf/TESTCASES_bedded/TestCase 410/snp_SRR7890919_bowtie-SRR7890918_bowtie_somaticsniper.vcf.filtered.recode.vcf
622,vcf/TESTCASES_bedded/TestCase 622/snp_SRR7890880-SRR7890880bowtie-SRR7890879-SRR7890879bowtie_strelka.vcf.secondbed.vcf.recode.vcf
246,vcf/TESTCASES_bedded/TestCase 246/snp_SRR7890845_bwa2-SRR7890844_bwa2_somaticsniper.vcf.filtered.recode.vcf
848,vcf/TESTCASES_bedded/TestCase 848/snp_SRR7890874-SRR7890874bowtie-SRR7890883-SRR7890883bowtie_mutect.vcf.secondbed.vcf.recode.vcf
841,vcf/TESTCASES_bedded/TestCase 841/snp_SRR7890874_bwa2-SRR7890883_bwa2_mutect.vcf.secondbed.vcf.recode.vcf
270,vcf/TESTCASES_bedded/TestCase 270/snp_SRR7890845_bowtie-SRR7890844_bowtie_somaticsniper.vcf.filtered.recode.vcf
614,vcf/TESTCASES_bedded/TestCase 614/snp_SRR7890880-SRR7890880bowtie-SRR7890879-SRR7890879bowtie_mutect.vcf.secondbed.vcf.recode.vcf
846,vcf/TESTCASES_bedded/TestCase 846/snp_SRR7890874-SRR7890874bowtie-SRR7890883-SRR7890883bowtie_mutect.vcf.secondbed.vcf.recode.vcf
613,vcf/TESTCASES_bedded/TestCase 613/snp_SRR7890880-SRR7890880bwa2-SRR7890879-SRR7890879bwa2_mutect.vcf.secondbed.vcf.recode.vcf
214,vcf/TESTCASES_bedded/TestCase 214/snp_SRR7890919-SRR7890919bwa2-SRR7890918-SRR7890918bwa2_strelka.vcf.secondbed.vcf.recode.vcf
670,vcf/TESTCASES_bedded/TestCase 670/snp_SRR7890880-SRR7890880bowtie-SRR7890879-SRR7890879bowtie_strelka.vcf.secondbed.vcf.recode.vcf
442,vcf/TESTCASES_bedded/TestCase 442/snp_SRR7890919-SRR7890919bwa2-SRR7890918-SRR7890918bwa2_mutect.vcf.secondbed.vcf.recode.vcf
489,vcf/TESTCASES_bedded/TestCase 489/snp_SRR7890851-SRR7890851bwa2-SRR7890850-SRR7890850bwa2_strelka.vcf.secondbed.vcf.recode.vcf
825,vcf/TESTCASES_bedded/TestCase 825/snp_SRR7890874_bwa2-SRR7890883_bwa2_strelka.vcf.secondbed.vcf.recode.vcf
213,vcf/TESTCASES_bedded/TestCase 213/snp_SRR7890851-SRR7890851bwa2-SRR7890850-SRR7890850bwa2_strelka.vcf.secondbed.vcf.recode.vcf
822,vcf/TESTCASES_bedded/TestCase 822/snp_SRR7890874-SRR7890874bowtie-SRR7890883-SRR7890883bowtie_mutect.vcf.secondbed.vcf.recode.vcf
648,vcf/TESTCASES_bedded/TestCase 648/snp_SRR7890880_bowtie-SRR7890879_bowtie_somaticsniper.vcf.filtered.recode.vcf
225,vcf/TESTCASES_bedded/TestCase 225/snp_SRR7890851-SRR7890851bowtie-SRR7890850-SRR7890850bowtie_strelka.vcf.secondbed.vcf.recode.vcf
473,vcf/TESTCASES_bedded/TestCase 473/snp_SRR7890851_bowtie-SRR7890850_bowtie_mutect.vcf.secondbed.vcf.recode.vcf
641,vcf/TESTCASES_bedded/TestCase 641/snp_SRR7890880_bwa2-SRR7890879_bwa2_somaticsniper.vcf.filtered.recode.vcf
814,vcf/TESTCASES_bedded/TestCase 814/snp_SRR7890874-SRR7890874bowtie-SRR7890883-SRR7890883bowtie_somaticsniper.vcf.filtered.recode.vcf
2,vcf/TESTCASES_bedded/TestCase 2/snp_SRR7890919_bwa2-SRR7890918_bwa2_mutect.vcf.secondbed.vcf.recode.vcf
480,vcf/TESTCASES_bedded/TestCase 480/snp_SRR7890845-SRR7890845bowtie-SRR7890844-SRR7890844bowtie_mutect.vcf.secondbed.vcf.recode.vcf
646,vcf/TESTCASES_bedded/TestCase 646/snp_SRR7890880_bowtie-SRR7890879_bowtie_strelka.vcf.secondbed.vcf.recode.vcf
474,vcf/TESTCASES_bedded/TestCase 474/snp_SRR7890845_bowtie-SRR7890844_bowtie_mutect.vcf.secondbed.vcf.recode.vcf
222,vcf/TESTCASES_bedded/TestCase 222/snp_SRR7890845_bowtie-SRR7890844_bowtie_strelka.vcf.secondbed.vcf.recode.vcf
813,vcf/TESTCASES_bedded/TestCase 813/snp_SRR7890874_bowtie-SRR7890883_bowtie_somaticsniper.vcf.filtered.recode.vcf
847,vcf/TESTCASES_bedded/TestCase 847/snp_SRR7890874_bowtie-SRR7890883_bowtie_mutect.vcf.secondbed.vcf.recode.vcf
249,vcf/TESTCASES_bedded/TestCase 249/snp_SRR7890851-SRR7890851bwa2-SRR7890850-SRR7890850bwa2_somaticsniper.vcf.filtered.recode.vcf
282,vcf/TESTCASES_bedded/TestCase 282/snp_SRR7890845_bowtie-SRR7890844_bowtie_somaticsniper.vcf.filtered.recode.vcf
612,vcf/TESTCASES_bedded/TestCase 612/snp_SRR7890880-SRR7890880bowtie-SRR7890879-SRR7890879bowtie_somaticsniper.vcf.filtered.recode.vcf
276,vcf/TESTCASES_bedded/TestCase 276/snp_SRR7890845-SRR7890845bowtie-SRR7890844-SRR7890844bowtie_somaticsniper.vcf.filtered.recode.vcf
840,vcf/TESTCASES_bedded/TestCase 840/snp_SRR7890874-SRR7890874bowtie-SRR7890883-SRR7890883bowtie_somaticsniper.vcf.filtered.recode.vcf
615,vcf/TESTCASES_bedded/TestCase 615/snp_SRR7890880-SRR7890880bwa2-SRR7890879-SRR7890879bwa2_strelka.vcf.secondbed.vcf.recode.vcf
285,vcf/TESTCASES_bedded/TestCase 285/snp_SRR7890851-SRR7890851bowtie-SRR7890850-SRR7890850bowtie_somaticsniper.vcf.filtered.recode.vcf
623,vcf/TESTCASES_bedded/TestCase 623/snp_SRR7890880-SRR7890880bwa2-SRR7890879-SRR7890879bwa2_somaticsniper.vcf.filtered.recode.vcf
849,vcf/TESTCASES_bedded/TestCase 849/snp_SRR7890874_bwa2-SRR7890883_bwa2_strelka.vcf.secondbed.vcf.recode.vcf
240,vcf/TESTCASES_bedded/TestCase 240/snp_SRR7890845-SRR7890845bowtie-SRR7890844-SRR7890844bowtie_strelka.vcf.secondbed.vcf.recode.vcf
416,vcf/TESTCASES_bedded/TestCase 416/snp_SRR7890919-SRR7890919bowtie-SRR7890918-SRR7890918bowtie_somaticsniper.vcf.filtered.recode.vcf
624,vcf/TESTCASES_bedded/TestCase 624/snp_SRR7890880-SRR7890880bowtie-SRR7890879-SRR7890879bowtie_somaticsniper.vcf.filtered.recode.vcf
835,vcf/TESTCASES_bedded/TestCase 835/snp_SRR7890874_bwa2-SRR7890883_bwa2_somaticsniper.vcf.filtered.recode.vcf
660,vcf/TESTCASES_bedded/TestCase 660/snp_SRR7890880-SRR7890880bowtie-SRR7890879-SRR7890879bowtie_somaticsniper.vcf.filtered.recode.vcf
204,vcf/TESTCASES_bedded/TestCase 204/snp_SRR7890845-SRR7890845bwa2-SRR7890844-SRR7890844bwa2_strelka.vcf.secondbed.vcf.recode.vcf
658,vcf/TESTCASES_bedded/TestCase 658/snp_SRR7890880-SRR7890880bowtie-SRR7890879-SRR7890879bowtie_strelka.vcf.secondbed.vcf.recode.vcf
832,vcf/TESTCASES_bedded/TestCase 832/snp_SRR7890874-SRR7890874bowtie-SRR7890883-SRR7890883bowtie_strelka.vcf.secondbed.vcf.recode.vcf
203,vcf/TESTCASES_bedded/TestCase 203/snp_SRR7890851-SRR7890851bwa2-SRR7890850-SRR7890850bwa2_strelka.vcf.secondbed.vcf.recode.vcf
667,vcf/TESTCASES_bedded/TestCase 667/snp_SRR7890880-SRR7890880bwa2-SRR7890879-SRR7890879bwa2_mutect.vcf.secondbed.vcf.recode.vcf
455,vcf/TESTCASES_bedded/TestCase 455/snp_SRR7890851-SRR7890851bwa2-SRR7890850-SRR7890850bwa2_mutect.vcf.secondbed.vcf.recode.vcf
804,vcf/TESTCASES_bedded/TestCase 804/snp_SRR7890874-SRR7890874bwa2-SRR7890883-SRR7890883bwa2_strelka.vcf.secondbed.vcf.recode.vcf
497,vcf/TESTCASES_bedded/TestCase 497/snp_SRR7890851_bwa2-SRR7890850_bwa2_strelka.vcf.secondbed.vcf.recode.vcf
651,vcf/TESTCASES_bedded/TestCase 651/snp_SRR7890880-SRR7890880bwa2-SRR7890879-SRR7890879bwa2_strelka.vcf.secondbed.vcf.recode.vcf
669,vcf/TESTCASES_bedded/TestCase 669/snp_SRR7890880-SRR7890880bwa2-SRR7890879-SRR7890879bwa2_strelka.vcf.secondbed.vcf.recode.vcf
803,vcf/TESTCASES_bedded/TestCase 803/snp_SRR7890874_bwa2-SRR7890883_bwa2_strelka.vcf.secondbed.vcf.recode.vcf
232,vcf/TESTCASES_bedded/TestCase 232/snp_SRR7890919_bowtie-SRR7890918_bowtie_strelka.vcf.secondbed.vcf.recode.vcf
656,vcf/TESTCASES_bedded/TestCase 656/snp_SRR7890880-SRR7890880bowtie-SRR7890879-SRR7890879bowtie_mutect.vcf.secondbed.vcf.recode.vcf
490,vcf/TESTCASES_bedded/TestCase 490/snp_SRR7890919-SRR7890919bwa2-SRR7890918-SRR7890918bwa2_strelka.vcf.secondbed.vcf.recode.vcf
602,vcf/TESTCASES_bedded/TestCase 602/snp_SRR7890880-SRR7890880bowtie-SRR7890879-SRR7890879bowtie_mutect.vcf.secondbed.vcf.recode.vcf
857,vcf/TESTCASES_bedded/TestCase 857/snp_SRR7890874_bwa2-SRR7890883_bwa2_somaticsniper.vcf.filtered.recode.vcf
437,vcf/TESTCASES_bedded/TestCase 437/snp_SRR7890851_bwa2-SRR7890850_bwa2_mutect.vcf.secondbed.vcf.recode.vcf
605,vcf/TESTCASES_bedded/TestCase 605/snp_SRR7890880-SRR7890880bwa2-SRR7890879-SRR7890879bwa2_somaticsniper.vcf.filtered.recode.vcf
261,vcf/TESTCASES_bedded/TestCase 261/snp_SRR7890851-SRR7890851bwa2-SRR7890850-SRR7890850bwa2_somaticsniper.vcf.filtered.recode.vcf
850,vcf/TESTCASES_bedded/TestCase 850/snp_SRR7890874-SRR7890874bwa2-SRR7890883-SRR7890883bwa2_strelka.vcf.secondbed.vcf.recode.vcf
257,vcf/TESTCASES_bedded/TestCase 257/snp_SRR7890851_bwa2-SRR7890850_bwa2_somaticsniper.vcf.filtered.recode.vcf
859,vcf/TESTCASES_bedded/TestCase 859/snp_SRR7890874_bwa2-SRR7890883_bwa2_somaticsniper.vcf.filtered.recode.vcf
633,vcf/TESTCASES_bedded/TestCase 633/snp_SRR7890880_bwa2-SRR7890879_bwa2_strelka.vcf.secondbed.vcf.recode.vcf
268,vcf/TESTCASES_bedded/TestCase 268/snp_SRR7890919_bowtie-SRR7890918_bowtie_somaticsniper.vcf.filtered.recode.vcf
634,vcf/TESTCASES_bedded/TestCase 634/snp_SRR7890880_bowtie-SRR7890879_bowtie_strelka.vcf.secondbed.vcf.recode.vcf
250,vcf/TESTCASES_bedded/TestCase 250/snp_SRR7890919-SRR7890919bwa2-SRR7890918-SRR7890918bwa2_somaticsniper.vcf.filtered.recode.vcf
861,vcf/TESTCASES_bedded/TestCase 861/snp_SRR7890874_bowtie-SRR7890883_bowtie_somaticsniper.vcf.filtered.recode.vcf
668,vcf/TESTCASES_bedded/TestCase 668/snp_SRR7890880-SRR7890880bowtie-SRR7890879-SRR7890879bowtie_mutect.vcf.secondbed.vcf.recode.vcf
802,vcf/TESTCASES_bedded/TestCase 802/snp_SRR7890874-SRR7890874bwa2-SRR7890883-SRR7890883bwa2_strelka.vcf.secondbed.vcf.recode.vcf
491,vcf/TESTCASES_bedded/TestCase 491/snp_SRR7890851-SRR7890851bwa2-SRR7890850-SRR7890850bwa2_strelka.vcf.secondbed.vcf.recode.vcf
233,vcf/TESTCASES_bedded/TestCase 233/snp_SRR7890851_bowtie-SRR7890850_bowtie_strelka.vcf.secondbed.vcf.recode.vcf
657,vcf/TESTCASES_bedded/TestCase 657/snp_SRR7890880-SRR7890880bwa2-SRR7890879-SRR7890879bwa2_strelka.vcf.secondbed.vcf.recode.vcf
465,vcf/TESTCASES_bedded/TestCase 465/snp_SRR7890851-SRR7890851bowtie-SRR7890850-SRR7890850bowtie_mutect.vcf.secondbed.vcf.recode.vcf
805,vcf/TESTCASES_bedded/TestCase 805/snp_SRR7890874_bowtie-SRR7890883_bowtie_strelka.vcf.secondbed.vcf.recode.vcf
462,vcf/TESTCASES_bedded/TestCase 462/snp_SRR7890845_bowtie-SRR7890844_bowtie_mutect.vcf.secondbed.vcf.recode.vcf
650,vcf/TESTCASES_bedded/TestCase 650/snp_SRR7890880-SRR7890880bowtie-SRR7890879-SRR7890879bowtie_mutect.vcf.secondbed.vcf.recode.vcf
234,vcf/TESTCASES_bedded/TestCase 234/snp_SRR7890845_bowtie-SRR7890844_bowtie_strelka.vcf.secondbed.vcf.recode.vcf
496,vcf/TESTCASES_bedded/TestCase 496/snp_SRR7890919_bwa2-SRR7890918_bwa2_strelka.vcf.secondbed.vcf.recode.vcf
659,vcf/TESTCASES_bedded/TestCase 659/snp_SRR7890880-SRR7890880bwa2-SRR7890879-SRR7890879bwa2_somaticsniper.vcf.filtered.recode.vcf
833,vcf/TESTCASES_bedded/TestCase 833/snp_SRR7890874_bwa2-SRR7890883_bwa2_somaticsniper.vcf.filtered.recode.vcf
202,vcf/TESTCASES_bedded/TestCase 202/snp_SRR7890919-SRR7890919bwa2-SRR7890918-SRR7890918bwa2_strelka.vcf.secondbed.vcf.recode.vcf
454,vcf/TESTCASES_bedded/TestCase 454/snp_SRR7890919-SRR7890919bwa2-SRR7890918-SRR7890918bwa2_mutect.vcf.secondbed.vcf.recode.vcf
666,vcf/TESTCASES_bedded/TestCase 666/snp_SRR7890880-SRR7890880bowtie-SRR7890879-SRR7890879bowtie_somaticsniper.vcf.filtered.recode.vcf
498,vcf/TESTCASES_bedded/TestCase 498/snp_SRR7890845_bwa2-SRR7890844_bwa2_strelka.vcf.secondbed.vcf.recode.vcf
834,vcf/TESTCASES_bedded/TestCase 834/snp_SRR7890874-SRR7890874bwa2-SRR7890883-SRR7890883bwa2_somaticsniper.vcf.filtered.recode.vcf
661,vcf/TESTCASES_bedded/TestCase 661/snp_SRR7890880-SRR7890880bwa2-SRR7890879-SRR7890879bwa2_mutect.vcf.secondbed.vcf.recode.vcf
453,vcf/TESTCASES_bedded/TestCase 453/snp_SRR7890851-SRR7890851bwa2-SRR7890850-SRR7890850bwa2_mutect.vcf.secondbed.vcf.recode.vcf
635,vcf/TESTCASES_bedded/TestCase 635/snp_SRR7890880_bwa2-SRR7890879_bwa2_somaticsniper.vcf.filtered.recode.vcf
251,vcf/TESTCASES_bedded/TestCase 251/snp_SRR7890851-SRR7890851bwa2-SRR7890850-SRR7890850bwa2_somaticsniper.vcf.filtered.recode.vcf
860,vcf/TESTCASES_bedded/TestCase 860/snp_SRR7890874-SRR7890874bwa2-SRR7890883-SRR7890883bwa2_somaticsniper.vcf.filtered.recode.vcf
438,vcf/TESTCASES_bedded/TestCase 438/snp_SRR7890845_bwa2-SRR7890844_bwa2_mutect.vcf.secondbed.vcf.recode.vcf
858,vcf/TESTCASES_bedded/TestCase 858/snp_SRR7890874-SRR7890874bwa2-SRR7890883-SRR7890883bwa2_somaticsniper.vcf.filtered.recode.vcf
256,vcf/TESTCASES_bedded/TestCase 256/snp_SRR7890919_bwa2-SRR7890918_bwa2_somaticsniper.vcf.filtered.recode.vcf
632,vcf/TESTCASES_bedded/TestCase 632/snp_SRR7890880_bowtie-SRR7890879_bowtie_mutect.vcf.secondbed.vcf.recode.vcf
269,vcf/TESTCASES_bedded/TestCase 269/snp_SRR7890851_bowtie-SRR7890850_bowtie_somaticsniper.vcf.filtered.recode.vcf
604,vcf/TESTCASES_bedded/TestCase 604/snp_SRR7890880-SRR7890880bowtie-SRR7890879-SRR7890879bowtie_strelka.vcf.secondbed.vcf.recode.vcf
436,vcf/TESTCASES_bedded/TestCase 436/snp_SRR7890919_bwa2-SRR7890918_bwa2_mutect.vcf.secondbed.vcf.recode.vcf
851,vcf/TESTCASES_bedded/TestCase 851/snp_SRR7890874_bwa2-SRR7890883_bwa2_strelka.vcf.secondbed.vcf.recode.vcf
267,vcf/TESTCASES_bedded/TestCase 267/snp_SRR7890851_bowtie-SRR7890850_bowtie_somaticsniper.vcf.filtered.recode.vcf
603,vcf/TESTCASES_bedded/TestCase 603/snp_SRR7890880-SRR7890880bwa2-SRR7890879-SRR7890879bwa2_strelka.vcf.secondbed.vcf.recode.vcf
856,vcf/TESTCASES_bedded/TestCase 856/snp_SRR7890874-SRR7890874bowtie-SRR7890883-SRR7890883bowtie_strelka.vcf.secondbed.vcf.recode.vcf
258,vcf/TESTCASES_bedded/TestCase 258/snp_SRR7890845_bwa2-SRR7890844_bwa2_somaticsniper.vcf.filtered.recode.vcf
588,vcf/TESTCASES_bedded/TestCase 588/snp_SRR7890880_bowtie-SRR7890879_bowtie_somaticsniper.vcf.filtered.recode.vcf
543,vcf/TESTCASES_bedded/TestCase 543/snp_SRR7890851_bwa2-SRR7890850_bwa2_somaticsniper.vcf.filtered.recode.vcf
771,vcf/TESTCASES_bedded/TestCase 771/snp_SRR7890874_bwa2-SRR7890883_bwa2_mutect.vcf.secondbed.vcf.recode.vcf
785,vcf/TESTCASES_bedded/TestCase 785/snp_SRR7890874_bwa2-SRR7890883_bwa2_somaticsniper.vcf.filtered.recode.vcf
749,vcf/TESTCASES_bedded/TestCase 749/snp_SRR7890845-SRR7890845bwa2-SRR7890844-SRR7890844bwa2_somaticsniper.vcf.filtered.recode.vcf
782,vcf/TESTCASES_bedded/TestCase 782/snp_SRR7890874-SRR7890874bowtie-SRR7890883-SRR7890883bowtie_strelka.vcf.secondbed.vcf.recode.vcf
776,vcf/TESTCASES_bedded/TestCase 776/snp_SRR7890874-SRR7890874bowtie-SRR7890883-SRR7890883bowtie_mutect.vcf.secondbed.vcf.recode.vcf
544,vcf/TESTCASES_bedded/TestCase 544/snp_SRR7890919_bwa2-SRR7890918_bwa2_somaticsniper.vcf.filtered.recode.vcf
586,vcf/TESTCASES_bedded/TestCase 586/snp_SRR7890880_bowtie-SRR7890879_bowtie_strelka.vcf.secondbed.vcf.recode.vcf
740,vcf/TESTCASES_bedded/TestCase 740/snp_SRR7890845_bowtie-SRR7890844_bowtie_mutect.vcf.secondbed.vcf.recode.vcf
116,vcf/TESTCASES_bedded/TestCase 116/snp_SRR7890919-SRR7890919bwa2-SRR7890918-SRR7890918bwa2_somaticsniper.vcf.filtered.recode.vcf
778,vcf/TESTCASES_bedded/TestCase 778/snp_SRR7890874-SRR7890874bwa2-SRR7890883-SRR7890883bwa2_strelka.vcf.secondbed.vcf.recode.vcf
575,vcf/TESTCASES_bedded/TestCase 575/snp_SRR7890851-SRR7890851bowtie-SRR7890850-SRR7890850bowtie_somaticsniper.vcf.filtered.recode.vcf
747,vcf/TESTCASES_bedded/TestCase 747/snp_SRR7890845-SRR7890845bwa2-SRR7890844-SRR7890844bwa2_strelka.vcf.secondbed.vcf.recode.vcf
581,vcf/TESTCASES_bedded/TestCase 581/snp_SRR7890880_bwa2-SRR7890879_bwa2_somaticsniper.vcf.filtered.recode.vcf
521,vcf/TESTCASES_bedded/TestCase 521/snp_SRR7890851_bowtie-SRR7890850_bowtie_strelka.vcf.secondbed.vcf.recode.vcf
526,vcf/TESTCASES_bedded/TestCase 526/snp_SRR7890919-SRR7890919bowtie-SRR7890918-SRR7890918bowtie_strelka.vcf.secondbed.vcf.recode.vcf
189,vcf/TESTCASES_bedded/TestCase 189/snp_SRR7890851-SRR7890851bowtie-SRR7890850-SRR7890850bowtie_mutect.vcf.secondbed.vcf.recode.vcf
519,vcf/TESTCASES_bedded/TestCase 519/snp_SRR7890851_bowtie-SRR7890850_bowtie_strelka.vcf.secondbed.vcf.recode.vcf
180,vcf/TESTCASES_bedded/TestCase 180/snp_SRR7890845-SRR7890845bowtie-SRR7890844-SRR7890844bowtie_mutect.vcf.secondbed.vcf.recode.vcf
174,vcf/TESTCASES_bedded/TestCase 174/snp_SRR7890845_bowtie-SRR7890844_bowtie_mutect.vcf.secondbed.vcf.recode.vcf
510,vcf/TESTCASES_bedded/TestCase 510/snp_SRR7890845_bowtie-SRR7890844_bowtie_strelka.vcf.secondbed.vcf.recode.vcf
722,vcf/TESTCASES_bedded/TestCase 722/snp_SRR7890845_bowtie-SRR7890844_bowtie_mutect.vcf.secondbed.vcf.recode.vcf
725,vcf/TESTCASES_bedded/TestCase 725/snp_SRR7890845_bwa2-SRR7890844_bwa2_somaticsniper.vcf.filtered.recode.vcf
173,vcf/TESTCASES_bedded/TestCase 173/snp_SRR7890851_bowtie-SRR7890850_bowtie_mutect.vcf.secondbed.vcf.recode.vcf
528,vcf/TESTCASES_bedded/TestCase 528/snp_SRR7890845-SRR7890845bowtie-SRR7890844-SRR7890844bowtie_strelka.vcf.secondbed.vcf.recode.vcf
779,vcf/TESTCASES_bedded/TestCase 779/snp_SRR7890874_bwa2-SRR7890883_bwa2_strelka.vcf.secondbed.vcf.recode.vcf
580,vcf/TESTCASES_bedded/TestCase 580/snp_SRR7890880_bowtie-SRR7890879_bowtie_strelka.vcf.secondbed.vcf.recode.vcf
38,vcf/TESTCASES_bedded/TestCase 38/snp_SRR7890919_bowtie-SRR7890918_bowtie_mutect.vcf.secondbed.vcf.recode.vcf
110,vcf/TESTCASES_bedded/TestCase 110/snp_SRR7890919_bwa2-SRR7890918_bwa2_somaticsniper.vcf.filtered.recode.vcf
746,vcf/TESTCASES_bedded/TestCase 746/snp_SRR7890845-SRR7890845bowtie-SRR7890844-SRR7890844bowtie_mutect.vcf.secondbed.vcf.recode.vcf
574,vcf/TESTCASES_bedded/TestCase 574/snp_SRR7890919-SRR7890919bowtie-SRR7890918-SRR7890918bowtie_somaticsniper.vcf.filtered.recode.vcf
128,vcf/TESTCASES_bedded/TestCase 128/snp_SRR7890919-SRR7890919bowtie-SRR7890918-SRR7890918bowtie_somaticsniper.vcf.filtered.recode.vcf
573,vcf/TESTCASES_bedded/TestCase 573/snp_SRR7890851-SRR7890851bowtie-SRR7890850-SRR7890850bowtie_somaticsniper.vcf.filtered.recode.vcf
741,vcf/TESTCASES_bedded/TestCase 741/snp_SRR7890845_bwa2-SRR7890844_bwa2_strelka.vcf.secondbed.vcf.recode.vcf
587,vcf/TESTCASES_bedded/TestCase 587/snp_SRR7890880_bwa2-SRR7890879_bwa2_somaticsniper.vcf.filtered.recode.vcf
748,vcf/TESTCASES_bedded/TestCase 748/snp_SRR7890845-SRR7890845bowtie-SRR7890844-SRR7890844bowtie_strelka.vcf.secondbed.vcf.recode.vcf
545,vcf/TESTCASES_bedded/TestCase 545/snp_SRR7890851_bwa2-SRR7890850_bwa2_somaticsniper.vcf.filtered.recode.vcf
777,vcf/TESTCASES_bedded/TestCase 777/snp_SRR7890874_bwa2-SRR7890883_bwa2_strelka.vcf.secondbed.vcf.recode.vcf
783,vcf/TESTCASES_bedded/TestCase 783/snp_SRR7890874_bowtie-SRR7890883_bowtie_strelka.vcf.secondbed.vcf.recode.vcf
589,vcf/TESTCASES_bedded/TestCase 589/snp_SRR7890880_bwa2-SRR7890879_bwa2_mutect.vcf.secondbed.vcf.recode.vcf
784,vcf/TESTCASES_bedded/TestCase 784/snp_SRR7890874-SRR7890874bowtie-SRR7890883-SRR7890883bowtie_strelka.vcf.secondbed.vcf.recode.vcf
770,vcf/TESTCASES_bedded/TestCase 770/snp_SRR7890874-SRR7890874bwa2-SRR7890883-SRR7890883bwa2_mutect.vcf.secondbed.vcf.recode.vcf
314,vcf/TESTCASES_bedded/TestCase 314/snp_SRR7890919_bowtie-SRR7890918_bowtie_mutect.vcf.secondbed.vcf.recode.vcf
186,vcf/TESTCASES_bedded/TestCase 186/snp_SRR7890845_bowtie-SRR7890844_bowtie_mutect.vcf.secondbed.vcf.recode.vcf
516,vcf/TESTCASES_bedded/TestCase 516/snp_SRR7890845-SRR7890845bowtie-SRR7890844-SRR7890844bowtie_strelka.vcf.secondbed.vcf.recode.vcf
724,vcf/TESTCASES_bedded/TestCase 724/snp_SRR7890845_bowtie-SRR7890844_bowtie_strelka.vcf.secondbed.vcf.recode.vcf
172,vcf/TESTCASES_bedded/TestCase 172/snp_SRR7890919_bowtie-SRR7890918_bowtie_mutect.vcf.secondbed.vcf.recode.vcf
723,vcf/TESTCASES_bedded/TestCase 723/snp_SRR7890845_bwa2-SRR7890844_bwa2_strelka.vcf.secondbed.vcf.recode.vcf
62,vcf/TESTCASES_bedded/TestCase 62/snp_SRR7890919_bwa2-SRR7890918_bwa2_strelka.vcf.secondbed.vcf.recode.vcf
527,vcf/TESTCASES_bedded/TestCase 527/snp_SRR7890851-SRR7890851bowtie-SRR7890850-SRR7890850bowtie_strelka.vcf.secondbed.vcf.recode.vcf
98,vcf/TESTCASES_bedded/TestCase 98/snp_SRR7890919_bwa2-SRR7890918_bwa2_somaticsniper.vcf.filtered.recode.vcf
520,vcf/TESTCASES_bedded/TestCase 520/snp_SRR7890919_bowtie-SRR7890918_bowtie_strelka.vcf.secondbed.vcf.recode.vcf
159,vcf/TESTCASES_bedded/TestCase 159/snp_SRR7890851_bwa2-SRR7890850_bwa2_mutect.vcf.secondbed.vcf.recode.vcf
192,vcf/TESTCASES_bedded/TestCase 192/snp_SRR7890845-SRR7890845bowtie-SRR7890844-SRR7890844bowtie_mutect.vcf.secondbed.vcf.recode.vcf
730,vcf/TESTCASES_bedded/TestCase 730/snp_SRR7890845_bowtie-SRR7890844_bowtie_strelka.vcf.secondbed.vcf.recode.vcf
502,vcf/TESTCASES_bedded/TestCase 502/snp_SRR7890919-SRR7890919bwa2-SRR7890918-SRR7890918bwa2_strelka.vcf.secondbed.vcf.recode.vcf
166,vcf/TESTCASES_bedded/TestCase 166/snp_SRR7890919-SRR7890919bwa2-SRR7890918-SRR7890918bwa2_mutect.vcf.secondbed.vcf.recode.vcf
398,vcf/TESTCASES_bedded/TestCase 398/snp_SRR7890919_bwa2-SRR7890918_bwa2_somaticsniper.vcf.filtered.recode.vcf
161,vcf/TESTCASES_bedded/TestCase 161/snp_SRR7890851_bwa2-SRR7890850_bwa2_mutect.vcf.secondbed.vcf.recode.vcf
737,vcf/TESTCASES_bedded/TestCase 737/snp_SRR7890845_bwa2-SRR7890844_bwa2_somaticsniper.vcf.filtered.recode.vcf
195,vcf/TESTCASES_bedded/TestCase 195/snp_SRR7890851_bwa2-SRR7890850_bwa2_strelka.vcf.secondbed.vcf.recode.vcf
168,vcf/TESTCASES_bedded/TestCase 168/snp_SRR7890845-SRR7890845bwa2-SRR7890844-SRR7890844bwa2_mutect.vcf.secondbed.vcf.recode.vcf
533,vcf/TESTCASES_bedded/TestCase 533/snp_SRR7890851_bwa2-SRR7890850_bwa2_somaticsniper.vcf.filtered.recode.vcf
739,vcf/TESTCASES_bedded/TestCase 739/snp_SRR7890845_bwa2-SRR7890844_bwa2_mutect.vcf.secondbed.vcf.recode.vcf
150,vcf/TESTCASES_bedded/TestCase 150/snp_SRR7890845_bwa2-SRR7890844_bwa2_mutect.vcf.secondbed.vcf.recode.vcf
362,vcf/TESTCASES_bedded/TestCase 362/snp_SRR7890919_bowtie-SRR7890918_bowtie_strelka.vcf.secondbed.vcf.recode.vcf
534,vcf/TESTCASES_bedded/TestCase 534/snp_SRR7890845_bwa2-SRR7890844_bwa2_somaticsniper.vcf.filtered.recode.vcf
594,vcf/TESTCASES_bedded/TestCase 594/snp_SRR7890880_bowtie-SRR7890879_bowtie_somaticsniper.vcf.filtered.recode.vcf
104,vcf/TESTCASES_bedded/TestCase 104/snp_SRR7890919-SRR7890919bwa2-SRR7890918-SRR7890918bwa2_somaticsniper.vcf.filtered.recode.vcf
752,vcf/TESTCASES_bedded/TestCase 752/snp_SRR7890845-SRR7890845bowtie-SRR7890844-SRR7890844bowtie_mutect.vcf.secondbed.vcf.recode.vcf
799,vcf/TESTCASES_bedded/TestCase 799/snp_SRR7890874_bowtie-SRR7890883_bowtie_mutect.vcf.secondbed.vcf.recode.vcf
755,vcf/TESTCASES_bedded/TestCase 755/snp_SRR7890845-SRR7890845bwa2-SRR7890844-SRR7890844bwa2_somaticsniper.vcf.filtered.recode.vcf
567,vcf/TESTCASES_bedded/TestCase 567/snp_SRR7890851_bowtie-SRR7890850_bowtie_somaticsniper.vcf.filtered.recode.vcf
593,vcf/TESTCASES_bedded/TestCase 593/snp_SRR7890880_bwa2-SRR7890879_bwa2_somaticsniper.vcf.filtered.recode.vcf
558,vcf/TESTCASES_bedded/TestCase 558/snp_SRR7890845_bowtie-SRR7890844_bowtie_somaticsniper.vcf.filtered.recode.vcf
14,vcf/TESTCASES_bedded/TestCase 14/snp_SRR7890919_bwa2-SRR7890918_bwa2_mutect.vcf.secondbed.vcf.recode.vcf
763,vcf/TESTCASES_bedded/TestCase 763/snp_SRR7890845-SRR7890845bwa2-SRR7890844-SRR7890844bwa2_mutect.vcf.secondbed.vcf.recode.vcf
551,vcf/TESTCASES_bedded/TestCase 551/snp_SRR7890851-SRR7890851bwa2-SRR7890850-SRR7890850bwa2_somaticsniper.vcf.filtered.recode.vcf
797,vcf/TESTCASES_bedded/TestCase 797/snp_SRR7890874_bowtie-SRR7890883_bowtie_mutect.vcf.secondbed.vcf.recode.vcf
338,vcf/TESTCASES_bedded/TestCase 338/snp_SRR7890919_bwa2-SRR7890918_bwa2_strelka.vcf.secondbed.vcf.recode.vcf
790,vcf/TESTCASES_bedded/TestCase 790/snp_SRR7890874-SRR7890874bowtie-SRR7890883-SRR7890883bowtie_somaticsniper.vcf.filtered.recode.vcf
556,vcf/TESTCASES_bedded/TestCase 556/snp_SRR7890919_bowtie-SRR7890918_bowtie_somaticsniper.vcf.filtered.recode.vcf
764,vcf/TESTCASES_bedded/TestCase 764/snp_SRR7890845-SRR7890845bowtie-SRR7890844-SRR7890844bowtie_mutect.vcf.secondbed.vcf.recode.vcf
569,vcf/TESTCASES_bedded/TestCase 569/snp_SRR7890851_bowtie-SRR7890850_bowtie_somaticsniper.vcf.filtered.recode.vcf
738,vcf/TESTCASES_bedded/TestCase 738/snp_SRR7890845_bowtie-SRR7890844_bowtie_somaticsniper.vcf.filtered.recode.vcf
532,vcf/TESTCASES_bedded/TestCase 532/snp_SRR7890919_bwa2-SRR7890918_bwa2_somaticsniper.vcf.filtered.recode.vcf
156,vcf/TESTCASES_bedded/TestCase 156/snp_SRR7890845-SRR7890845bwa2-SRR7890844-SRR7890844bwa2_mutect.vcf.secondbed.vcf.recode.vcf
160,vcf/TESTCASES_bedded/TestCase 160/snp_SRR7890919_bwa2-SRR7890918_bwa2_mutect.vcf.secondbed.vcf.recode.vcf
736,vcf/TESTCASES_bedded/TestCase 736/snp_SRR7890845_bowtie-SRR7890844_bowtie_strelka.vcf.secondbed.vcf.recode.vcf
504,vcf/TESTCASES_bedded/TestCase 504/snp_SRR7890845-SRR7890845bwa2-SRR7890844-SRR7890844bwa2_strelka.vcf.secondbed.vcf.recode.vcf
503,vcf/TESTCASES_bedded/TestCase 503/snp_SRR7890851-SRR7890851bwa2-SRR7890850-SRR7890850bwa2_strelka.vcf.secondbed.vcf.recode.vcf
731,vcf/TESTCASES_bedded/TestCase 731/snp_SRR7890845_bwa2-SRR7890844_bwa2_somaticsniper.vcf.filtered.recode.vcf
167,vcf/TESTCASES_bedded/TestCase 167/snp_SRR7890851-SRR7890851bwa2-SRR7890850-SRR7890850bwa2_mutect.vcf.secondbed.vcf.recode.vcf
765,vcf/TESTCASES_bedded/TestCase 765/snp_SRR7890845-SRR7890845bwa2-SRR7890844-SRR7890844bwa2_strelka.vcf.secondbed.vcf.recode.vcf
557,vcf/TESTCASES_bedded/TestCase 557/snp_SRR7890851_bowtie-SRR7890850_bowtie_somaticsniper.vcf.filtered.recode.vcf
791,vcf/TESTCASES_bedded/TestCase 791/snp_SRR7890874_bowtie-SRR7890883_bowtie_somaticsniper.vcf.filtered.recode.vcf
568,vcf/TESTCASES_bedded/TestCase 568/snp_SRR7890919_bowtie-SRR7890918_bowtie_somaticsniper.vcf.filtered.recode.vcf
796,vcf/TESTCASES_bedded/TestCase 796/snp_SRR7890874-SRR7890874bwa2-SRR7890883-SRR7890883bwa2_mutect.vcf.secondbed.vcf.recode.vcf
134,vcf/TESTCASES_bedded/TestCase 134/snp_SRR7890919_bowtie-SRR7890918_bowtie_somaticsniper.vcf.filtered.recode.vcf
550,vcf/TESTCASES_bedded/TestCase 550/snp_SRR7890919-SRR7890919bwa2-SRR7890918-SRR7890918bwa2_somaticsniper.vcf.filtered.recode.vcf
762,vcf/TESTCASES_bedded/TestCase 762/snp_SRR7890845-SRR7890845bowtie-SRR7890844-SRR7890844bowtie_somaticsniper.vcf.filtered.recode.vcf
592,vcf/TESTCASES_bedded/TestCase 592/snp_SRR7890880_bowtie-SRR7890879_bowtie_strelka.vcf.secondbed.vcf.recode.vcf
754,vcf/TESTCASES_bedded/TestCase 754/snp_SRR7890845-SRR7890845bowtie-SRR7890844-SRR7890844bowtie_strelka.vcf.secondbed.vcf.recode.vcf
753,vcf/TESTCASES_bedded/TestCase 753/snp_SRR7890845-SRR7890845bwa2-SRR7890844-SRR7890844bwa2_strelka.vcf.secondbed.vcf.recode.vcf
561,vcf/TESTCASES_bedded/TestCase 561/snp_SRR7890851-SRR7890851bowtie-SRR7890850-SRR7890850bowtie_somaticsniper.vcf.filtered.recode.vcf
595,vcf/TESTCASES_bedded/TestCase 595/snp_SRR7890880_bwa2-SRR7890879_bwa2_mutect.vcf.secondbed.vcf.recode.vcf
308,vcf/TESTCASES_bedded/TestCase 308/snp_SRR7890919-SRR7890919bwa2-SRR7890918-SRR7890918bwa2_mutect.vcf.secondbed.vcf.recode.vcf
798,vcf/TESTCASES_bedded/TestCase 798/snp_SRR7890874-SRR7890874bowtie-SRR7890883-SRR7890883bowtie_mutect.vcf.secondbed.vcf.recode.vcf
621,vcf/TESTCASES_bedded/TestCase 621/snp_SRR7890880-SRR7890880bwa2-SRR7890879-SRR7890879bwa2_strelka.vcf.secondbed.vcf.recode.vcf
245,vcf/TESTCASES_bedded/TestCase 245/snp_SRR7890851_bwa2-SRR7890850_bwa2_somaticsniper.vcf.filtered.recode.vcf
619,vcf/TESTCASES_bedded/TestCase 619/snp_SRR7890880-SRR7890880bwa2-SRR7890879-SRR7890879bwa2_mutect.vcf.secondbed.vcf.recode.vcf
626,vcf/TESTCASES_bedded/TestCase 626/snp_SRR7890880_bowtie-SRR7890879_bowtie_mutect.vcf.secondbed.vcf.recode.vcf
845,vcf/TESTCASES_bedded/TestCase 845/snp_SRR7890874_bowtie-SRR7890883_bowtie_mutect.vcf.secondbed.vcf.recode.vcf
422,vcf/TESTCASES_bedded/TestCase 422/snp_SRR7890919_bowtie-SRR7890918_bowtie_somaticsniper.vcf.filtered.recode.vcf
610,vcf/TESTCASES_bedded/TestCase 610/snp_SRR7890880-SRR7890880bowtie-SRR7890879-SRR7890879bowtie_strelka.vcf.secondbed.vcf.recode.vcf
274,vcf/TESTCASES_bedded/TestCase 274/snp_SRR7890919-SRR7890919bowtie-SRR7890918-SRR7890918bowtie_somaticsniper.vcf.filtered.recode.vcf
280,vcf/TESTCASES_bedded/TestCase 280/snp_SRR7890919_bowtie-SRR7890918_bowtie_somaticsniper.vcf.filtered.recode.vcf
628,vcf/TESTCASES_bedded/TestCase 628/snp_SRR7890880_bowtie-SRR7890879_bowtie_strelka.vcf.secondbed.vcf.recode.vcf
842,vcf/TESTCASES_bedded/TestCase 842/snp_SRR7890874-SRR7890874bwa2-SRR7890883-SRR7890883bwa2_mutect.vcf.secondbed.vcf.recode.vcf
287,vcf/TESTCASES_bedded/TestCase 287/snp_SRR7890851-SRR7890851bowtie-SRR7890850-SRR7890850bowtie_somaticsniper.vcf.filtered.recode.vcf
273,vcf/TESTCASES_bedded/TestCase 273/snp_SRR7890851-SRR7890851bowtie-SRR7890850-SRR7890850bowtie_somaticsniper.vcf.filtered.recode.vcf
617,vcf/TESTCASES_bedded/TestCase 617/snp_SRR7890880-SRR7890880bwa2-SRR7890879-SRR7890879bwa2_somaticsniper.vcf.filtered.recode.vcf
485,vcf/TESTCASES_bedded/TestCase 485/snp_SRR7890851_bwa2-SRR7890850_bwa2_strelka.vcf.secondbed.vcf.recode.vcf
227,vcf/TESTCASES_bedded/TestCase 227/snp_SRR7890851-SRR7890851bowtie-SRR7890850-SRR7890850bowtie_strelka.vcf.secondbed.vcf.recode.vcf
829,vcf/TESTCASES_bedded/TestCase 829/snp_SRR7890874_bowtie-SRR7890883_bowtie_strelka.vcf.secondbed.vcf.recode.vcf
471,vcf/TESTCASES_bedded/TestCase 471/snp_SRR7890851_bowtie-SRR7890850_bowtie_mutect.vcf.secondbed.vcf.recode.vcf
643,vcf/TESTCASES_bedded/TestCase 643/snp_SRR7890880_bwa2-SRR7890879_bwa2_mutect.vcf.secondbed.vcf.recode.vcf
816,vcf/TESTCASES_bedded/TestCase 816/snp_SRR7890874-SRR7890874bowtie-SRR7890883-SRR7890883bowtie_somaticsniper.vcf.filtered.recode.vcf
644,vcf/TESTCASES_bedded/TestCase 644/snp_SRR7890880_bowtie-SRR7890879_bowtie_mutect.vcf.secondbed.vcf.recode.vcf
220,vcf/TESTCASES_bedded/TestCase 220/snp_SRR7890919_bowtie-SRR7890918_bowtie_strelka.vcf.secondbed.vcf.recode.vcf
811,vcf/TESTCASES_bedded/TestCase 811/snp_SRR7890874_bwa2-SRR7890883_bwa2_somaticsniper.vcf.filtered.recode.vcf
449,vcf/TESTCASES_bedded/TestCase 449/snp_SRR7890851_bwa2-SRR7890850_bwa2_mutect.vcf.secondbed.vcf.recode.vcf
818,vcf/TESTCASES_bedded/TestCase 818/snp_SRR7890874-SRR7890874bwa2-SRR7890883-SRR7890883bwa2_mutect.vcf.secondbed.vcf.recode.vcf
216,vcf/TESTCASES_bedded/TestCase 216/snp_SRR7890845-SRR7890845bwa2-SRR7890844-SRR7890844bwa2_strelka.vcf.secondbed.vcf.recode.vcf
672,vcf/TESTCASES_bedded/TestCase 672/snp_SRR7890880-SRR7890880bowtie-SRR7890879-SRR7890879bowtie_somaticsniper.vcf.filtered.recode.vcf
827,vcf/TESTCASES_bedded/TestCase 827/snp_SRR7890874_bwa2-SRR7890883_bwa2_strelka.vcf.secondbed.vcf.recode.vcf
447,vcf/TESTCASES_bedded/TestCase 447/snp_SRR7890851_bwa2-SRR7890850_bwa2_mutect.vcf.secondbed.vcf.recode.vcf
820,vcf/TESTCASES_bedded/TestCase 820/snp_SRR7890874-SRR7890874bwa2-SRR7890883-SRR7890883bwa2_mutect.vcf.secondbed.vcf.recode.vcf
478,vcf/TESTCASES_bedded/TestCase 478/snp_SRR7890919-SRR7890919bowtie-SRR7890918-SRR7890918bowtie_mutect.vcf.secondbed.vcf.recode.vcf
629,vcf/TESTCASES_bedded/TestCase 629/snp_SRR7890880_bwa2-SRR7890879_bwa2_somaticsniper.vcf.filtered.recode.vcf
843,vcf/TESTCASES_bedded/TestCase 843/snp_SRR7890874_bwa2-SRR7890883_bwa2_mutect.vcf.secondbed.vcf.recode.vcf
616,vcf/TESTCASES_bedded/TestCase 616/snp_SRR7890880-SRR7890880bowtie-SRR7890879-SRR7890879bowtie_strelka.vcf.secondbed.vcf.recode.vcf
286,vcf/TESTCASES_bedded/TestCase 286/snp_SRR7890919-SRR7890919bowtie-SRR7890918-SRR7890918bowtie_somaticsniper.vcf.filtered.recode.vcf
844,vcf/TESTCASES_bedded/TestCase 844/snp_SRR7890874-SRR7890874bwa2-SRR7890883-SRR7890883bwa2_mutect.vcf.secondbed.vcf.recode.vcf
281,vcf/TESTCASES_bedded/TestCase 281/snp_SRR7890851_bowtie-SRR7890850_bowtie_somaticsniper.vcf.filtered.recode.vcf
611,vcf/TESTCASES_bedded/TestCase 611/snp_SRR7890880-SRR7890880bwa2-SRR7890879-SRR7890879bwa2_somaticsniper.vcf.filtered.recode.vcf
275,vcf/TESTCASES_bedded/TestCase 275/snp_SRR7890851-SRR7890851bowtie-SRR7890850-SRR7890850bowtie_somaticsniper.vcf.filtered.recode.vcf
288,vcf/TESTCASES_bedded/TestCase 288/snp_SRR7890845-SRR7890845bowtie-SRR7890844-SRR7890844bowtie_somaticsniper.vcf.filtered.recode.vcf
618,vcf/TESTCASES_bedded/TestCase 618/snp_SRR7890880-SRR7890880bowtie-SRR7890879-SRR7890879bowtie_somaticsniper.vcf.filtered.recode.vcf
243,vcf/TESTCASES_bedded/TestCase 243/snp_SRR7890851_bwa2-SRR7890850_bwa2_somaticsniper.vcf.filtered.recode.vcf
627,vcf/TESTCASES_bedded/TestCase 627/snp_SRR7890880_bwa2-SRR7890879_bwa2_strelka.vcf.secondbed.vcf.recode.vcf
620,vcf/TESTCASES_bedded/TestCase 620/snp_SRR7890880-SRR7890880bowtie-SRR7890879-SRR7890879bowtie_mutect.vcf.secondbed.vcf.recode.vcf
244,vcf/TESTCASES_bedded/TestCase 244/snp_SRR7890919_bwa2-SRR7890918_bwa2_somaticsniper.vcf.filtered.recode.vcf
210,vcf/TESTCASES_bedded/TestCase 210/snp_SRR7890845_bwa2-SRR7890844_bwa2_strelka.vcf.secondbed.vcf.recode.vcf
8,vcf/TESTCASES_bedded/TestCase 8/snp_SRR7890919-SRR7890919bwa2-SRR7890918-SRR7890918bwa2_mutect.vcf.secondbed.vcf.recode.vcf
821,vcf/TESTCASES_bedded/TestCase 821/snp_SRR7890874_bowtie-SRR7890883_bowtie_mutect.vcf.secondbed.vcf.recode.vcf
479,vcf/TESTCASES_bedded/TestCase 479/snp_SRR7890851-SRR7890851bowtie-SRR7890850-SRR7890850bowtie_mutect.vcf.secondbed.vcf.recode.vcf
819,vcf/TESTCASES_bedded/TestCase 819/snp_SRR7890874_bwa2-SRR7890883_bwa2_mutect.vcf.secondbed.vcf.recode.vcf
441,vcf/TESTCASES_bedded/TestCase 441/snp_SRR7890851-SRR7890851bwa2-SRR7890850-SRR7890850bwa2_mutect.vcf.secondbed.vcf.recode.vcf
826,vcf/TESTCASES_bedded/TestCase 826/snp_SRR7890874-SRR7890874bwa2-SRR7890883-SRR7890883bwa2_strelka.vcf.secondbed.vcf.recode.vcf
228,vcf/TESTCASES_bedded/TestCase 228/snp_SRR7890845-SRR7890845bowtie-SRR7890844-SRR7890844bowtie_strelka.vcf.secondbed.vcf.recode.vcf
483,vcf/TESTCASES_bedded/TestCase 483/snp_SRR7890851_bwa2-SRR7890850_bwa2_strelka.vcf.secondbed.vcf.recode.vcf
477,vcf/TESTCASES_bedded/TestCase 477/snp_SRR7890851-SRR7890851bowtie-SRR7890850-SRR7890850bowtie_mutect.vcf.secondbed.vcf.recode.vcf
645,vcf/TESTCASES_bedded/TestCase 645/snp_SRR7890880_bwa2-SRR7890879_bwa2_strelka.vcf.secondbed.vcf.recode.vcf
221,vcf/TESTCASES_bedded/TestCase 221/snp_SRR7890851_bowtie-SRR7890850_bowtie_strelka.vcf.secondbed.vcf.recode.vcf
810,vcf/TESTCASES_bedded/TestCase 810/snp_SRR7890874-SRR7890874bwa2-SRR7890883-SRR7890883bwa2_somaticsniper.vcf.filtered.recode.vcf
448,vcf/TESTCASES_bedded/TestCase 448/snp_SRR7890919_bwa2-SRR7890918_bwa2_mutect.vcf.secondbed.vcf.recode.vcf
828,vcf/TESTCASES_bedded/TestCase 828/snp_SRR7890874-SRR7890874bwa2-SRR7890883-SRR7890883bwa2_strelka.vcf.secondbed.vcf.recode.vcf
226,vcf/TESTCASES_bedded/TestCase 226/snp_SRR7890919-SRR7890919bowtie-SRR7890918-SRR7890918bowtie_strelka.vcf.secondbed.vcf.recode.vcf
642,vcf/TESTCASES_bedded/TestCase 642/snp_SRR7890880_bowtie-SRR7890879_bowtie_somaticsniper.vcf.filtered.recode.vcf
484,vcf/TESTCASES_bedded/TestCase 484/snp_SRR7890919_bwa2-SRR7890918_bwa2_strelka.vcf.secondbed.vcf.recode.vcf
219,vcf/TESTCASES_bedded/TestCase 219/snp_SRR7890851_bowtie-SRR7890850_bowtie_strelka.vcf.secondbed.vcf.recode.vcf
817,vcf/TESTCASES_bedded/TestCase 817/snp_SRR7890874_bwa2-SRR7890883_bwa2_mutect.vcf.secondbed.vcf.recode.vcf
