run,Sample,Environment,isTrimmed,baseRecalibration,Mapper,VariantCaller,Duplicates,pass_filter_applied,n_variants,tmb,tmb_merged
2,EA,Altay + COSAP,YES,YES,BWA,Mutect,MARK,True,1261,15.613695238895232,15.623507612755418
8,EA,Altay + COSAP,NO,NO,BWA,Mutect,MARK,True,1276,15.799425158469719,15.809354253668449
14,EA,Altay + COSAP,YES,NO,BWA,Mutect,MARK,True,1293,16.009919067320805,16.019980446703215
20,EA,Altay + COSAP,NO,YES,BWA,Mutect,MARK,True,1237,15.316527367576052,15.32615298729457
26,EA,Altay + COSAP,YES,YES,BOWTIE,Mutect,MARK,True,1082,13.397318198639685,13.405737697859923
32,EA,Altay + COSAP,NO,NO,BOWTIE,Mutect,MARK,True,1094,13.545902134299274,13.554415010590347
38,EA,Altay + COSAP,YES,NO,BOWTIE,Mutect,MARK,True,1117,13.830688010980154,13.839379859990327
44,EA,Altay + COSAP,NO,YES,BOWTIE,Mutect,MARK,True,1075,13.310644236171589,13.319009265433841
50,EA,Altay + COSAP,YES,YES,BWA,Strelka,MARK,True,1915,23.71151973234288,23.726421156563543
56,EA,Altay + COSAP,NO,NO,BWA,Strelka,MARK,True,2245,27.7975779629816,27.81504725665021
62,EA,Altay + COSAP,YES,NO,BWA,Strelka,MARK,True,2343,29.011013437534917,29.02924531061534
68,EA,Altay + COSAP,NO,YES,BWA,Strelka,MARK,True,1809,22.399028300683167,22.41310489411146
74,EA,Altay + COSAP,YES,YES,BOWTIE,Strelka,MARK,True,1193,14.77171960349089,14.781002840616347
80,EA,Altay + COSAP,NO,NO,BOWTIE,Strelka,MARK,True,1131,14.004035935916342,14.012836724842488
86,EA,Altay + COSAP,YES,NO,BOWTIE,Strelka,MARK,True,1230,15.229853405107958,15.239424554868489
92,EA,Altay + COSAP,NO,YES,BOWTIE,Strelka,MARK,True,1080,13.372554209363086,13.380958145738186
98,EA,Altay + COSAP,YES,YES,BWA,SomaticSniper,MARK,False,1550,19.192091689363686,19.20415289434647
104,EA,Altay + COSAP,NO,NO,BWA,SomaticSniper,MARK,False,1543,19.105417726895592,19.11742446192039
110,EA,Altay + COSAP,YES,NO,BWA,SomaticSniper,MARK,False,1600,19.811191421278647,19.823641697389906
116,EA,Altay + COSAP,NO,YES,BWA,SomaticSniper,MARK,False,1473,18.238678102214653,18.25014013765958
122,EA,Altay + COSAP,YES,YES,BOWTIE,SomaticSniper,MARK,False,1211,14.994595506980275,15.004018809711983
128,EA,Altay + COSAP,NO,NO,BOWTIE,SomaticSniper,MARK,False,758,9.385551935830758,9.391450254138467
134,EA,Altay + COSAP,YES,NO,BOWTIE,SomaticSniper,MARK,False,1401,17.347174488257114,17.358076261277034
140,EA,Altay + COSAP,NO,YES,BOWTIE,SomaticSniper,MARK,False,639,7.9120945738731585,7.917066902895093
147,LL,Uhem + COSAP,YES,YES,BWA,Mutect,MARK,True,956,11.837186874213991,11.844625914190468
148,EA,Uhem + COSAP,YES,YES,BWA,Mutect,MARK,True,1261,15.613695238895232,15.623507612755418
149,LL,Altay + COSAP,YES,YES,BWA,Mutect,MARK,True,956,11.837186874213991,11.844625914190468
150,NC,Uhem + COSAP,YES,YES,BWA,Mutect,MARK,True,1137,14.078327903746137,14.0871753812077
153,LL,Uhem + COSAP,NO,NO,BWA,Mutect,MARK,True,1104,13.669722080682265,13.678312771199034
154,EA,Uhem + COSAP,NO,NO,BWA,Mutect,MARK,True,1276,15.799425158469719,15.809354253668449
155,LL,Altay + COSAP,NO,NO,BWA,Mutect,MARK,True,1104,13.669722080682265,13.678312771199034
156,NC,Uhem + COSAP,NO,NO,BWA,Mutect,MARK,True,1138,14.090709898384436,14.09956515726857
159,LL,Uhem + COSAP,YES,NO,BWA,Mutect,MARK,True,962,11.911478842043785,11.91896457055568
160,EA,Uhem + COSAP,YES,NO,BWA,Mutect,MARK,True,1293,16.009919067320805,16.019980446703215
161,LL,Altay + COSAP,YES,NO,BWA,Mutect,MARK,True,962,11.911478842043785,11.91896457055568
162,NC,Uhem + COSAP,YES,NO,BWA,Mutect,MARK,True,1139,14.103091893022736,14.111954933329438
165,LL,Uhem + COSAP,NO,YES,BWA,Mutect,MARK,True,1023,12.666780514980033,12.67474091026867
166,EA,Uhem + COSAP,NO,YES,BWA,Mutect,MARK,True,1237,15.316527367576052,15.32615298729457
167,LL,Altay + COSAP,NO,YES,BWA,Mutect,MARK,True,1023,12.666780514980033,12.67474091026867
168,NC,Uhem + COSAP,NO,YES,BWA,Mutect,MARK,True,1131,14.004035935916342,14.012836724842488
171,LL,Uhem + COSAP,YES,YES,BOWTIE,Mutect,MARK,True,967,11.973388815235282,11.980913450860024
172,EA,Uhem + COSAP,YES,YES,BOWTIE,Mutect,MARK,True,1082,13.397318198639685,13.405737697859923
173,LL,Altay + COSAP,YES,YES,BOWTIE,Mutect,MARK,True,967,11.973388815235282,11.980913450860024
174,NC,Uhem + COSAP,YES,YES,BOWTIE,Mutect,MARK,True,1071,13.261116257618394,13.269450161190367
177,LL,Uhem + COSAP,NO,NO,BOWTIE,Mutect,MARK,True,968,11.98577080987358,11.993303226920892
178,EA,Uhem + COSAP,NO,NO,BOWTIE,Mutect,MARK,True,1094,13.545902134299274,13.554415010590347
179,LL,Altay + COSAP,NO,NO,BOWTIE,Mutect,MARK,True,968,11.98577080987358,11.993303226920892
180,NC,Uhem + COSAP,NO,NO,BOWTIE,Mutect,MARK,True,1084,13.422082187916281,13.43051724998166
183,LL,Uhem + COSAP,YES,NO,BOWTIE,Mutect,MARK,True,916,11.341907088682024,11.34903487175572
184,EA,Uhem + COSAP,YES,NO,BOWTIE,Mutect,MARK,True,1117,13.830688010980154,13.839379859990327
185,LL,Altay + COSAP,YES,NO,BOWTIE,Mutect,MARK,True,916,11.341907088682024,11.34903487175572
186,NC,Uhem + COSAP,YES,NO,BOWTIE,Mutect,MARK,True,1078,13.347790220086488,13.356178593616448
189,LL,Uhem + COSAP,NO,YES,BOWTIE,Mutect,MARK,True,895,11.081885201277743,11.088849574477477
190,EA,Uhem + COSAP,NO,YES,BOWTIE,Mutect,MARK,True,1075,13.310644236171589,13.319009265433841
191,LL,Altay + COSAP,NO,YES,BOWTIE,Mutect,MARK,True,895,11.081885201277743,11.088849574477477
192,NC,Uhem + COSAP,NO,YES,BOWTIE,Mutect,MARK,True,1086,13.44684617719288,13.455296802103398
195,LL,Uhem + COSAP,YES,YES,BWA,Strelka,MARK,True,1872,23.179093962896015,23.19366078594619
196,EA,Uhem + COSAP,YES,YES,BWA,Strelka,MARK,True,1915,23.71151973234288,23.726421156563543
197,LL,Altay + COSAP,YES,YES,BWA,Strelka,MARK,True,1872,23.179093962896015,23.19366078594619
198,NC,Uhem + COSAP,YES,YES,BWA,Strelka,MARK,True,1835,22.720960161278946,22.735239071694046
201,LL,Uhem + COSAP,NO,NO,BWA,Strelka,MARK,True,2055,25.44499898170476,25.46098980508516
202,EA,Uhem + COSAP,NO,NO,BWA,Strelka,MARK,True,2245,27.7975779629816,27.81504725665021
203,LL,Altay + COSAP,NO,NO,BWA,Strelka,MARK,True,2055,25.44499898170476,25.46098980508516
204,NC,Uhem + COSAP,NO,NO,BWA,Strelka,MARK,True,1989,24.627787335577015,24.643264585067826
207,LL,Uhem + COSAP,YES,NO,BWA,Strelka,MARK,True,2122,26.274592622470802,26.29110480116336
208,EA,Uhem + COSAP,YES,NO,BWA,Strelka,MARK,True,2343,29.011013437534917,29.02924531061534
209,LL,Altay + COSAP,YES,NO,BWA,Strelka,MARK,True,2122,26.274592622470802,26.29110480116336
210,NC,Uhem + COSAP,YES,NO,BWA,Strelka,MARK,True,2050,25.383089008513263,25.399040924780817
213,LL,Uhem + COSAP,NO,YES,BWA,Strelka,MARK,True,1817,22.49808425778956,22.51222310259841
214,EA,Uhem + COSAP,NO,YES,BWA,Strelka,MARK,True,1809,22.399028300683167,22.41310489411146
215,LL,Altay + COSAP,NO,YES,BWA,Strelka,MARK,True,1817,22.49808425778956,22.51222310259841
216,NC,Uhem + COSAP,NO,YES,BWA,Strelka,MARK,True,1757,21.755164579491613,21.76883653894629
219,LL,Uhem + COSAP,YES,YES,BOWTIE,Strelka,MARK,True,1173,14.524079710724907,14.533207319398974
220,EA,Uhem + COSAP,YES,YES,BOWTIE,Strelka,MARK,True,1193,14.77171960349089,14.781002840616347
221,LL,Altay + COSAP,YES,YES,BOWTIE,Strelka,MARK,True,1173,14.524079710724907,14.533207319398974
222,NC,Uhem + COSAP,YES,YES,BOWTIE,Strelka,MARK,True,1179,14.598371678554702,14.607545975764186
225,LL,Uhem + COSAP,NO,NO,BOWTIE,Strelka,MARK,True,949,11.750512911745897,11.757897481764386
226,EA,Uhem + COSAP,NO,NO,BOWTIE,Strelka,MARK,True,1131,14.004035935916342,14.012836724842488
227,LL,Altay + COSAP,NO,NO,BOWTIE,Strelka,MARK,True,949,11.750512911745897,11.757897481764386
228,NC,Uhem + COSAP,NO,NO,BOWTIE,Strelka,MARK,True,1103,13.657340086043966,13.665922995138166
231,LL,Uhem + COSAP,YES,NO,BOWTIE,Strelka,MARK,True,1313,16.257558960086786,16.267775967920592
232,EA,Uhem + COSAP,YES,NO,BOWTIE,Strelka,MARK,True,1230,15.229853405107958,15.239424554868489
233,LL,Altay + COSAP,YES,NO,BOWTIE,Strelka,MARK,True,1313,16.257558960086786,16.267775967920592
234,NC,Uhem + COSAP,YES,NO,BOWTIE,Strelka,MARK,True,1209,14.969831517703676,14.979239257590246
237,LL,Uhem + COSAP,NO,YES,BOWTIE,Strelka,MARK,True,838,10.37611150689469,10.382632339007962
238,EA,Uhem + COSAP,NO,YES,BOWTIE,Strelka,MARK,True,1080,13.372554209363086,13.380958145738186
239,LL,Altay + COSAP,NO,YES,BOWTIE,Strelka,MARK,True,838,10.37611150689469,10.382632339007962
240,NC,Uhem + COSAP,NO,YES,BOWTIE,Strelka,MARK,True,1045,12.939184397022615,12.947315983607782
243,LL,Uhem + COSAP,YES,YES,BWA,SomaticSniper,MARK,False,2210,27.36420815064113,27.381405094519806
244,EA,Uhem + COSAP,YES,YES,BWA,SomaticSniper,MARK,False,1550,19.192091689363686,19.20415289434647
245,LL,Altay + COSAP,YES,YES,BWA,SomaticSniper,MARK,False,2210,27.36420815064113,27.381405094519806
246,NC,Uhem + COSAP,YES,YES,BWA,SomaticSniper,MARK,False,1499,18.56060996281043,18.572274315242165
249,LL,Uhem + COSAP,NO,NO,BWA,SomaticSniper,MARK,False,2622,32.46558994162038,32.485992831597706
250,EA,Uhem + COSAP,NO,NO,BWA,SomaticSniper,MARK,False,1543,19.105417726895592,19.11742446192039
251,LL,Altay + COSAP,NO,NO,BWA,SomaticSniper,MARK,False,2622,32.46558994162038,32.485992831597706
252,NC,Uhem + COSAP,NO,NO,BWA,SomaticSniper,MARK,False,1516,18.771103871661516,18.782900508276935
255,LL,Uhem + COSAP,YES,NO,BWA,SomaticSniper,MARK,False,2724,33.728553394726895,33.74974998980631
256,EA,Uhem + COSAP,YES,NO,BWA,SomaticSniper,MARK,False,1600,19.811191421278647,19.823641697389906
257,LL,Altay + COSAP,YES,NO,BWA,SomaticSniper,MARK,False,2724,33.728553394726895,33.74974998980631
258,NC,Uhem + COSAP,YES,NO,BWA,SomaticSniper,MARK,False,1562,19.340675625023277,19.352830207076895
261,LL,Uhem + COSAP,NO,YES,BWA,SomaticSniper,MARK,False,2164,26.79463639727937,26.811475395719846
262,EA,Uhem + COSAP,NO,YES,BWA,SomaticSniper,MARK,False,1473,18.238678102214653,18.25014013765958
263,LL,Altay + COSAP,NO,YES,BWA,SomaticSniper,MARK,False,2164,26.79463639727937,26.811475395719846
264,NC,Uhem + COSAP,NO,YES,BWA,SomaticSniper,MARK,False,1456,18.02818419336357,18.03951394462481
267,LL,Uhem + COSAP,YES,YES,BOWTIE,SomaticSniper,MARK,False,1752,21.693254606300115,21.706887658641946
268,EA,Uhem + COSAP,YES,YES,BOWTIE,SomaticSniper,MARK,False,1211,14.994595506980275,15.004018809711983
269,LL,Altay + COSAP,YES,YES,BOWTIE,SomaticSniper,MARK,False,1752,21.693254606300115,21.706887658641946
270,NC,Uhem + COSAP,YES,YES,BOWTIE,SomaticSniper,MARK,False,1246,15.427965319320744,15.437660971842387
273,LL,Uhem + COSAP,NO,NO,BOWTIE,SomaticSniper,MARK,False,846,10.475167464001084,10.481750547494912
274,EA,Uhem + COSAP,NO,NO,BOWTIE,SomaticSniper,MARK,False,758,9.385551935830758,9.391450254138467
275,LL,Altay + COSAP,NO,NO,BOWTIE,SomaticSniper,MARK,False,846,10.475167464001084,10.481750547494912
276,NC,Uhem + COSAP,NO,NO,BOWTIE,SomaticSniper,MARK,False,787,9.744629780341434,9.75075375990366
279,LL,Uhem + COSAP,YES,NO,BOWTIE,SomaticSniper,MARK,False,2406,29.791079099747762,29.809801202450068
280,EA,Uhem + COSAP,YES,NO,BOWTIE,SomaticSniper,MARK,False,1401,17.347174488257114,17.358076261277034
281,LL,Altay + COSAP,YES,NO,BOWTIE,SomaticSniper,MARK,False,2406,29.791079099747762,29.809801202450068
282,NC,Uhem + COSAP,YES,NO,BOWTIE,SomaticSniper,MARK,False,1369,16.95095065983154,16.961603427329237
285,LL,Uhem + COSAP,NO,YES,BOWTIE,SomaticSniper,MARK,False,550,6.810097051064534,6.8143768334777794
286,EA,Uhem + COSAP,NO,YES,BOWTIE,SomaticSniper,MARK,False,639,7.9120945738731585,7.917066902895093
287,LL,Altay + COSAP,NO,YES,BOWTIE,SomaticSniper,MARK,False,550,6.810097051064534,6.8143768334777794
288,NC,Uhem + COSAP,NO,YES,BOWTIE,SomaticSniper,MARK,False,697,8.63025026289451,8.635673914425476
290,EA,Altay + COSAP,YES,YES,BWA,Mutect,DELETE,True,1261,15.613695238895232,15.623507612755418
296,EA,Altay + COSAP,NO,NO,BWA,Mutect,DELETE,True,1276,15.799425158469719,15.809354253668449
302,EA,Altay + COSAP,YES,NO,BWA,Mutect,DELETE,True,1293,16.009919067320805,16.019980446703215
308,EA,Altay + COSAP,NO,YES,BWA,Mutect,DELETE,True,1237,15.316527367576052,15.32615298729457
314,EA,Altay + COSAP,YES,YES,BOWTIE,Mutect,DELETE,True,1082,13.397318198639685,13.405737697859923
320,EA,Altay + COSAP,NO,NO,BOWTIE,Mutect,DELETE,True,1094,13.545902134299274,13.554415010590347
326,EA,Altay + COSAP,YES,NO,BOWTIE,Mutect,DELETE,True,1117,13.830688010980154,13.839379859990327
332,EA,Altay + COSAP,NO,YES,BOWTIE,Mutect,DELETE,True,1075,13.310644236171589,13.319009265433841
338,EA,Altay + COSAP,YES,YES,BWA,Strelka,DELETE,True,1915,23.71151973234288,23.726421156563543
344,EA,Altay + COSAP,NO,NO,BWA,Strelka,DELETE,True,2245,27.7975779629816,27.81504725665021
350,EA,Altay + COSAP,YES,NO,BWA,Strelka,DELETE,True,2343,29.011013437534917,29.02924531061534
356,EA,Altay + COSAP,NO,YES,BWA,Strelka,DELETE,True,1809,22.399028300683167,22.41310489411146
362,EA,Altay + COSAP,YES,YES,BOWTIE,Strelka,DELETE,True,1193,14.77171960349089,14.781002840616347
368,EA,Altay + COSAP,NO,NO,BOWTIE,Strelka,DELETE,True,1131,14.004035935916342,14.012836724842488
374,EA,Altay + COSAP,YES,NO,BOWTIE,Strelka,DELETE,True,1230,15.229853405107958,15.239424554868489
380,EA,Altay + COSAP,NO,YES,BOWTIE,Strelka,DELETE,True,1080,13.372554209363086,13.380958145738186
386,EA,Altay + COSAP,YES,YES,BWA,SomaticSniper,DELETE,False,1550,19.192091689363686,19.20415289434647
392,EA,Altay + COSAP,NO,NO,BWA,SomaticSniper,DELETE,False,1543,19.105417726895592,19.11742446192039
398,EA,Altay + COSAP,YES,NO,BWA,SomaticSniper,DELETE,False,1600,19.811191421278647,19.823641697389906
404,EA,Altay + COSAP,NO,YES,BWA,SomaticSniper,DELETE,False,1473,18.238678102214653,18.25014013765958
410,EA,Altay + COSAP,YES,YES,BOWTIE,SomaticSniper,DELETE,False,1211,14.994595506980275,15.004018809711983
416,EA,Altay + COSAP,NO,NO,BOWTIE,SomaticSniper,DELETE,False,758,9.385551935830758,9.391450254138467
422,EA,Altay + COSAP,YES,NO,BOWTIE,SomaticSniper,DELETE,False,1401,17.347174488257114,17.358076261277034
428,EA,Altay + COSAP,NO,YES,BOWTIE,SomaticSniper,DELETE,False,639,7.9120945738731585,7.917066902895093
435,LL,Uhem + COSAP,YES,YES,BWA,Mutect,DELETE,True,956,11.837186874213991,11.844625914190468
436,EA,Uhem + COSAP,YES,YES,BWA,Mutect,DELETE,True,1261,15.613695238895232,15.623507612755418
437,LL,Altay + COSAP,YES,YES,BWA,Mutect,DELETE,True,956,11.837186874213991,11.844625914190468
438,NC,Uhem + COSAP,YES,YES,BWA,Mutect,DELETE,True,1137,14.078327903746137,14.0871753812077
441,LL,Uhem + COSAP,NO,NO,BWA,Mutect,DELETE,True,1104,13.669722080682265,13.678312771199034
442,EA,Uhem + COSAP,NO,NO,BWA,Mutect,DELETE,True,1276,15.799425158469719,15.809354253668449
443,LL,Altay + COSAP,NO,NO,BWA,Mutect,DELETE,True,1104,13.669722080682265,13.678312771199034
444,NC,Uhem + COSAP,NO,NO,BWA,Mutect,DELETE,True,1138,14.090709898384436,14.09956515726857
447,LL,Uhem + COSAP,YES,NO,BWA,Mutect,DELETE,True,962,11.911478842043785,11.91896457055568
448,EA,Uhem + COSAP,YES,NO,BWA,Mutect,DELETE,True,1293,16.009919067320805,16.019980446703215
449,LL,Altay + COSAP,YES,NO,BWA,Mutect,DELETE,True,962,11.911478842043785,11.91896457055568
450,NC,Uhem + COSAP,YES,NO,BWA,Mutect,DELETE,True,1139,14.103091893022736,14.111954933329438
453,LL,Uhem + COSAP,NO,YES,BWA,Mutect,DELETE,True,1023,12.666780514980033,12.67474091026867
454,EA,Uhem + COSAP,NO,YES,BWA,Mutect,DELETE,True,1237,15.316527367576052,15.32615298729457
455,LL,Altay + COSAP,NO,YES,BWA,Mutect,DELETE,True,1023,12.666780514980033,12.67474091026867
456,NC,Uhem + COSAP,NO,YES,BWA,Mutect,DELETE,True,1131,14.004035935916342,14.012836724842488
459,LL,Uhem + COSAP,YES,YES,BOWTIE,Mutect,DELETE,True,967,11.973388815235282,11.980913450860024
460,EA,Uhem + COSAP,YES,YES,BOWTIE,Mutect,DELETE,True,1082,13.397318198639685,13.405737697859923
461,LL,Altay + COSAP,YES,YES,BOWTIE,Mutect,DELETE,True,967,11.973388815235282,11.980913450860024
462,NC,Uhem + COSAP,YES,YES,BOWTIE,Mutect,DELETE,True,1071,13.261116257618394,13.269450161190367
465,LL,Uhem + COSAP,NO,NO,BOWTIE,Mutect,DELETE,True,968,11.98577080987358,11.993303226920892
466,EA,Uhem + COSAP,NO,NO,BOWTIE,Mutect,DELETE,True,1094,13.545902134299274,13.554415010590347
467,LL,Altay + COSAP,NO,NO,BOWTIE,Mutect,DELETE,True,968,11.98577080987358,11.993303226920892
468,NC,Uhem + COSAP,NO,NO,BOWTIE,Mutect,DELETE,True,1084,13.422082187916281,13.43051724998166
471,LL,Uhem + COSAP,YES,NO,BOWTIE,Mutect,DELETE,True,916,11.341907088682024,11.34903487175572
472,EA,Uhem + COSAP,YES,NO,BOWTIE,Mutect,DELETE,True,1117,13.830688010980154,13.839379859990327
473,LL,Altay + COSAP,YES,NO,BOWTIE,Mutect,DELETE,True,916,11.341907088682024,11.34903487175572
474,NC,Uhem + COSAP,YES,NO,BOWTIE,Mutect,DELETE,True,1078,13.347790220086488,13.356178593616448
477,LL,Uhem + COSAP,NO,YES,BOWTIE,Mutect,DELETE,True,895,11.081885201277743,11.088849574477477
478,EA,Uhem + COSAP,NO,YES,BOWTIE,Mutect,DELETE,True,1075,13.310644236171589,13.319009265433841
479,LL,Altay + COSAP,NO,YES,BOWTIE,Mutect,DELETE,True,895,11.081885201277743,11.088849574477477
480,NC,Uhem + COSAP,NO,YES,BOWTIE,Mutect,DELETE,True,1086,13.44684617719288,13.455296802103398
483,LL,Uhem + COSAP,YES,YES,BWA,Strelka,DELETE,True,1872,23.179093962896015,23.19366078594619
484,EA,Uhem + COSAP,YES,YES,BWA,Strelka,DELETE,True,1915,23.71151973234288,23.726421156563543
485,LL,Altay + COSAP,YES,YES,BWA,Strelka,DELETE,True,1872,23.179093962896015,23.19366078594619
486,NC,Uhem + COSAP,YES,YES,BWA,Strelka,DELETE,True,1835,22.720960161278946,22.735239071694046
489,LL,Uhem + COSAP,NO,NO,BWA,Strelka,DELETE,True,2055,25.44499898170476,25.46098980508516
490,EA,Uhem + COSAP,NO,NO,BWA,Strelka,DELETE,True,2245,27.7975779629816,27.81504725665021
491,LL,Altay + COSAP,NO,NO,BWA,Strelka,DELETE,True,2055,25.44499898170476,25.46098980508516
492,NC,Uhem + COSAP,NO,NO,BWA,Strelka,DELETE,True,1989,24.627787335577015,24.643264585067826
495,LL,Uhem + COSAP,YES,NO,BWA,Strelka,DELETE,True,2122,26.274592622470802,26.29110480116336
496,EA,Uhem + COSAP,YES,NO,BWA,Strelka,DELETE,True,2343,29.011013437534917,29.02924531061534
497,LL,Altay + COSAP,YES,NO,BWA,Strelka,DELETE,True,2122,26.274592622470802,26.29110480116336
498,NC,Uhem + COSAP,YES,NO,BWA,Strelka,DELETE,True,2050,25.383089008513263,25.399040924780817
501,LL,Uhem + COSAP,NO,YES,BWA,Strelka,DELETE,True,1817,22.49808425778956,22.51222310259841
502,EA,Uhem + COSAP,NO,YES,BWA,Strelka,DELETE,True,1809,22.399028300683167,22.41310489411146
503,LL,Altay + COSAP,NO,YES,BWA,Strelka,DELETE,True,1817,22.49808425778956,22.51222310259841
504,NC,Uhem + COSAP,NO,YES,BWA,Strelka,DELETE,True,1757,21.755164579491613,21.76883653894629
507,LL,Uhem + COSAP,YES,YES,BOWTIE,Strelka,DELETE,True,1173,14.524079710724907,14.533207319398974
508,EA,Uhem + COSAP,YES,YES,BOWTIE,Strelka,DELETE,True,1193,14.77171960349089,14.781002840616347
509,LL,Altay + COSAP,YES,YES,BOWTIE,Strelka,DELETE,True,1173,14.524079710724907,14.533207319398974
510,NC,Uhem + COSAP,YES,YES,BOWTIE,Strelka,DELETE,True,1179,14.598371678554702,14.607545975764186
513,LL,Uhem + COSAP,NO,NO,BOWTIE,Strelka,DELETE,True,949,11.750512911745897,11.757897481764386
514,EA,Uhem + COSAP,NO,NO,BOWTIE,Strelka,DELETE,True,1131,14.004035935916342,14.012836724842488
515,LL,Altay + COSAP,NO,NO,BOWTIE,Strelka,DELETE,True,949,11.750512911745897,11.757897481764386
516,NC,Uhem + COSAP,NO,NO,BOWTIE,Strelka,DELETE,True,1103,13.657340086043966,13.665922995138166
519,LL,Uhem + COSAP,YES,NO,BOWTIE,Strelka,DELETE,True,1313,16.257558960086786,16.267775967920592
520,EA,Uhem + COSAP,YES,NO,BOWTIE,Strelka,DELETE,True,1230,15.229853405107958,15.239424554868489
521,LL,Altay + COSAP,YES,NO,BOWTIE,Strelka,DELETE,True,1313,16.257558960086786,16.267775967920592
522,NC,Uhem + COSAP,YES,NO,BOWTIE,Strelka,DELETE,True,1209,14.969831517703676,14.979239257590246
525,LL,Uhem + COSAP,NO,YES,BOWTIE,Strelka,DELETE,True,838,10.37611150689469,10.382632339007962
526,EA,Uhem + COSAP,NO,YES,BOWTIE,Strelka,DELETE,True,1080,13.372554209363086,13.380958145738186
527,LL,Altay + COSAP,NO,YES,BOWTIE,Strelka,DELETE,True,838,10.37611150689469,10.382632339007962
528,NC,Uhem + COSAP,NO,YES,BOWTIE,Strelka,DELETE,True,1045,12.939184397022615,12.947315983607782
531,LL,Uhem + COSAP,YES,YES,BWA,SomaticSniper,DELETE,False,2210,27.36420815064113,27.381405094519806
532,EA,Uhem + COSAP,YES,YES,BWA,SomaticSniper,DELETE,False,1550,19.192091689363686,19.20415289434647
533,LL,Altay + COSAP,YES,YES,BWA,SomaticSniper,DELETE,False,2210,27.36420815064113,27.381405094519806
534,NC,Uhem + COSAP,YES,YES,BWA,SomaticSniper,DELETE,False,1499,18.56060996281043,18.572274315242165
537,LL,Uhem + COSAP,NO,NO,BWA,SomaticSniper,DELETE,False,2622,32.46558994162038,32.485992831597706
538,EA,Uhem + COSAP,NO,NO,BWA,SomaticSniper,DELETE,False,1543,19.105417726895592,19.11742446192039
539,LL,Altay + COSAP,NO,NO,BWA,SomaticSniper,DELETE,False,2622,32.46558994162038,32.485992831597706
540,NC,Uhem + COSAP,NO,NO,BWA,SomaticSniper,DELETE,False,1516,18.771103871661516,18.782900508276935
543,LL,Uhem + COSAP,YES,NO,BWA,SomaticSniper,DELETE,False,2724,33.728553394726895,33.74974998980631
544,EA,Uhem + COSAP,YES,NO,BWA,SomaticSniper,DELETE,False,1600,19.811191421278647,19.823641697389906
545,LL,Altay + COSAP,YES,NO,BWA,SomaticSniper,DELETE,False,2724,33.728553394726895,33.74974998980631
546,NC,Uhem + COSAP,YES,NO,BWA,SomaticSniper,DELETE,False,1562,19.340675625023277,19.352830207076895
549,LL,Uhem + COSAP,NO,YES,BWA,SomaticSniper,DELETE,False,2164,26.79463639727937,26.811475395719846
550,EA,Uhem + COSAP,NO,YES,BWA,SomaticSniper,DELETE,False,1473,18.238678102214653,18.25014013765958
551,LL,Altay + COSAP,NO,YES,BWA,SomaticSniper,DELETE,False,2164,26.79463639727937,26.811475395719846
552,NC,Uhem + COSAP,NO,YES,BWA,SomaticSniper,DELETE,False,1456,18.02818419336357,18.03951394462481
555,LL,Uhem + COSAP,YES,YES,BOWTIE,SomaticSniper,DELETE,False,1752,21.693254606300115,21.706887658641946
556,EA,Uhem + COSAP,YES,YES,BOWTIE,SomaticSniper,DELETE,False,1211,14.994595506980275,15.004018809711983
557,LL,Altay + COSAP,YES,YES,BOWTIE,SomaticSniper,DELETE,False,1752,21.693254606300115,21.706887658641946
558,NC,Uhem + COSAP,YES,YES,BOWTIE,SomaticSniper,DELETE,False,1246,15.427965319320744,15.437660971842387
561,LL,Uhem + COSAP,NO,NO,BOWTIE,SomaticSniper,DELETE,False,846,10.475167464001084,10.481750547494912
562,EA,Uhem + COSAP,NO,NO,BOWTIE,SomaticSniper,DELETE,False,758,9.385551935830758,9.391450254138467
563,LL,Altay + COSAP,NO,NO,BOWTIE,SomaticSniper,DELETE,False,846,10.475167464001084,10.481750547494912
564,NC,Uhem + COSAP,NO,NO,BOWTIE,SomaticSniper,DELETE,False,787,9.744629780341434,9.75075375990366
567,LL,Uhem + COSAP,YES,NO,BOWTIE,SomaticSniper,DELETE,False,2406,29.791079099747762,29.809801202450068
568,EA,Uhem + COSAP,YES,NO,BOWTIE,SomaticSniper,DELETE,False,1401,17.347174488257114,17.358076261277034
569,LL,Altay + COSAP,YES,NO,BOWTIE,SomaticSniper,DELETE,False,2406,29.791079099747762,29.809801202450068
570,NC,Uhem + COSAP,YES,NO,BOWTIE,SomaticSniper,DELETE,False,1369,16.95095065983154,16.961603427329237
573,LL,Uhem + COSAP,NO,YES,BOWTIE,SomaticSniper,DELETE,False,550,6.810097051064534,6.8143768334777794
574,EA,Uhem + COSAP,NO,YES,BOWTIE,SomaticSniper,DELETE,False,639,7.9120945738731585,7.917066902895093
575,LL,Altay + COSAP,NO,YES,BOWTIE,SomaticSniper,DELETE,False,550,6.810097051064534,6.8143768334777794
576,NC,Uhem + COSAP,NO,YES,BOWTIE,SomaticSniper,DELETE,False,697,8.63025026289451,8.635673914425476
577,FD,Uhem + COSAP,YES,YES,BWA,Mutect,DELETE,True,1290,15.972773083405908,15.98281111852061
578,FD,Uhem + COSAP,YES,YES,BOWTIE,Mutect,DELETE,True,1006,12.456286606128948,12.464114717233903
579,FD,Uhem + COSAP,YES,YES,BWA,Strelka,DELETE,True,2209,27.35182615600283,27.36901531845894
580,FD,Uhem + COSAP,YES,YES,BOWTIE,Strelka,DELETE,True,1242,15.378437340767547,15.388101867598913
581,FD,Uhem + COSAP,YES,YES,BWA,SomaticSniper,DELETE,False,2227,27.574702059492214,27.592031287554573
582,FD,Uhem + COSAP,YES,YES,BOWTIE,SomaticSniper,DELETE,False,1767,21.878984525874603,21.892734299554977
583,FD,Uhem + COSAP,YES,YES,BWA,Mutect,MARK,True,1290,15.972773083405908,15.98281111852061
584,FD,Uhem + COSAP,YES,YES,BOWTIE,Mutect,MARK,True,1006,12.456286606128948,12.464114717233903
585,FD,Uhem + COSAP,YES,YES,BWA,Strelka,MARK,True,2209,27.35182615600283,27.36901531845894
586,FD,Uhem + COSAP,YES,YES,BOWTIE,Strelka,MARK,True,1242,15.378437340767547,15.388101867598913
587,FD,Uhem + COSAP,YES,YES,BWA,SomaticSniper,MARK,False,2227,27.574702059492214,27.592031287554573
588,FD,Uhem + COSAP,YES,YES,BOWTIE,SomaticSniper,MARK,False,1767,21.878984525874603,21.892734299554977
589,FD,Uhem + COSAP,YES,NO,BWA,Mutect,DELETE,True,1378,17.06238861157623,17.073111411877054
590,FD,Uhem + COSAP,YES,NO,BOWTIE,Mutect,DELETE,True,1073,13.285880246894992,13.294229713312104
591,FD,Uhem + COSAP,YES,NO,BWA,Strelka,DELETE,True,3231,40.006224676344566,40.03136645266674
592,FD,Uhem + COSAP,YES,NO,BOWTIE,Strelka,DELETE,True,1422,17.607196375661395,17.61826155855528
593,FD,Uhem + COSAP,YES,NO,BWA,SomaticSniper,DELETE,False,3299,40.848200311748904,40.87387122480581
594,FD,Uhem + COSAP,YES,NO,BOWTIE,SomaticSniper,DELETE,False,2892,35.80872849396115,35.83123236803225
595,FD,Uhem + COSAP,YES,NO,BWA,Mutect,MARK,True,1378,17.06238861157623,17.073111411877054
596,FD,Uhem + COSAP,YES,NO,BOWTIE,Mutect,MARK,True,1073,13.285880246894992,13.294229713312104
597,FD,Uhem + COSAP,YES,NO,BWA,Strelka,MARK,True,3231,40.006224676344566,40.03136645266674
598,FD,Uhem + COSAP,YES,NO,BOWTIE,Strelka,MARK,True,1422,17.607196375661395,17.61826155855528
599,FD,Uhem + COSAP,YES,NO,BWA,SomaticSniper,MARK,False,3299,40.848200311748904,40.87387122480581
600,FD,Uhem + COSAP,YES,NO,BOWTIE,SomaticSniper,MARK,False,2892,35.80872849396115,35.83123236803225
601,FD,Uhem + COSAP,NO,YES,BWA,Mutect,DELETE,True,1400,17.334792493618814,17.345686485216167
602,FD,Uhem + COSAP,NO,YES,BOWTIE,Mutect,DELETE,True,1086,13.44684617719288,13.455296802103398
603,FD,Uhem + COSAP,NO,YES,BWA,Strelka,DELETE,True,2182,27.017512300768754,27.034491364815484
604,FD,Uhem + COSAP,NO,YES,BOWTIE,Strelka,DELETE,True,889,11.007593233447947,11.014510918112265
605,FD,Uhem + COSAP,NO,YES,BWA,SomaticSniper,DELETE,False,2183,27.02989429540705,27.04688114087635
606,FD,Uhem + COSAP,NO,YES,BOWTIE,SomaticSniper,DELETE,False,377,4.668011978638781,4.670945574947496
607,FD,Uhem + COSAP,NO,YES,BWA,Mutect,MARK,True,1400,17.334792493618814,17.345686485216167
608,FD,Uhem + COSAP,NO,YES,BOWTIE,Mutect,MARK,True,1086,13.44684617719288,13.455296802103398
609,FD,Uhem + COSAP,NO,YES,BWA,Strelka,MARK,True,2182,27.017512300768754,27.034491364815484
610,FD,Uhem + COSAP,NO,YES,BOWTIE,Strelka,MARK,True,889,11.007593233447947,11.014510918112265
611,FD,Uhem + COSAP,NO,YES,BWA,SomaticSniper,MARK,False,2183,27.02989429540705,27.04688114087635
612,FD,Uhem + COSAP,NO,YES,BOWTIE,SomaticSniper,MARK,False,377,4.668011978638781,4.670945574947496
613,FD,Uhem + COSAP,NO,NO,BWA,Mutect,DELETE,True,1504,18.622519936001925,18.63422319554651
614,FD,Uhem + COSAP,NO,NO,BOWTIE,Mutect,DELETE,True,1369,16.95095065983154,16.961603427329237
615,FD,Uhem + COSAP,NO,NO,BWA,Strelka,DELETE,True,3274,40.538650445791426,40.56412682328409
616,FD,Uhem + COSAP,NO,NO,BOWTIE,Strelka,DELETE,True,1048,12.976330380937512,12.984485311790387
617,FD,Uhem + COSAP,NO,NO,BWA,SomaticSniper,DELETE,False,3110,38.508003325110366,38.53220354930163
618,FD,Uhem + COSAP,NO,NO,BOWTIE,SomaticSniper,DELETE,False,789,9.769393769618032,9.775533312025397
619,FD,Uhem + COSAP,NO,NO,BWA,Mutect,MARK,True,1504,18.622519936001925,18.63422319554651
620,FD,Uhem + COSAP,NO,NO,BOWTIE,Mutect,MARK,True,1369,16.95095065983154,16.961603427329237
621,FD,Uhem + COSAP,NO,NO,BWA,Strelka,MARK,True,3274,40.538650445791426,40.56412682328409
622,FD,Uhem + COSAP,NO,NO,BOWTIE,Strelka,MARK,True,1048,12.976330380937512,12.984485311790387
623,FD,Uhem + COSAP,NO,NO,BWA,SomaticSniper,MARK,False,3110,38.508003325110366,38.53220354930163
624,FD,Uhem + COSAP,NO,NO,BOWTIE,SomaticSniper,MARK,False,789,9.769393769618032,9.775533312025397
625,FD,Altay + COSAP,YES,YES,BWA,Mutect,DELETE,True,1290,15.972773083405908,15.98281111852061
626,FD,Altay + COSAP,YES,YES,BOWTIE,Mutect,DELETE,True,1006,12.456286606128948,12.464114717233903
627,FD,Altay + COSAP,YES,YES,BWA,Strelka,DELETE,True,2209,27.35182615600283,27.36901531845894
628,FD,Altay + COSAP,YES,YES,BOWTIE,Strelka,DELETE,True,1242,15.378437340767547,15.388101867598913
629,FD,Altay + COSAP,YES,YES,BWA,SomaticSniper,DELETE,False,2227,27.574702059492214,27.592031287554573
630,FD,Altay + COSAP,YES,YES,BOWTIE,SomaticSniper,DELETE,False,1767,21.878984525874603,21.892734299554977
631,FD,Altay + COSAP,YES,YES,BWA,Mutect,MARK,True,1290,15.972773083405908,15.98281111852061
632,FD,Altay + COSAP,YES,YES,BOWTIE,Mutect,MARK,True,1006,12.456286606128948,12.464114717233903
633,FD,Altay + COSAP,YES,YES,BWA,Strelka,MARK,True,2209,27.35182615600283,27.36901531845894
634,FD,Altay + COSAP,YES,YES,BOWTIE,Strelka,MARK,True,1242,15.378437340767547,15.388101867598913
635,FD,Altay + COSAP,YES,YES,BWA,SomaticSniper,MARK,False,2227,27.574702059492214,27.592031287554573
636,FD,Altay + COSAP,YES,YES,BOWTIE,SomaticSniper,MARK,False,1767,21.878984525874603,21.892734299554977
637,FD,Altay + COSAP,YES,NO,BWA,Mutect,DELETE,True,1378,17.06238861157623,17.073111411877054
638,FD,Altay + COSAP,YES,NO,BOWTIE,Mutect,DELETE,True,1073,13.285880246894992,13.294229713312104
639,FD,Altay + COSAP,YES,NO,BWA,Strelka,DELETE,True,3231,40.006224676344566,40.03136645266674
640,FD,Altay + COSAP,YES,NO,BOWTIE,Strelka,DELETE,True,1422,17.607196375661395,17.61826155855528
641,FD,Altay + COSAP,YES,NO,BWA,SomaticSniper,DELETE,False,3299,40.848200311748904,40.87387122480581
642,FD,Altay + COSAP,YES,NO,BOWTIE,SomaticSniper,DELETE,False,2892,35.80872849396115,35.83123236803225
643,FD,Altay + COSAP,YES,NO,BWA,Mutect,MARK,True,1378,17.06238861157623,17.073111411877054
644,FD,Altay + COSAP,YES,NO,BOWTIE,Mutect,MARK,True,1073,13.285880246894992,13.294229713312104
645,FD,Altay + COSAP,YES,NO,BWA,Strelka,MARK,True,3231,40.006224676344566,40.03136645266674
646,FD,Altay + COSAP,YES,NO,BOWTIE,Strelka,MARK,True,1422,17.607196375661395,17.61826155855528
647,FD,Altay + COSAP,YES,NO,BWA,SomaticSniper,MARK,False,3299,40.848200311748904,40.87387122480581
648,FD,Altay + COSAP,YES,NO,BOWTIE,SomaticSniper,MARK,False,2892,35.80872849396115,35.83123236803225
649,FD,Altay + COSAP,NO,YES,BWA,Mutect,DELETE,True,1400,17.334792493618814,17.345686485216167
650,FD,Altay + COSAP,NO,YES,BOWTIE,Mutect,DELETE,True,1086,13.44684617719288,13.455296802103398
651,FD,Altay + COSAP,NO,YES,BWA,Strelka,DELETE,True,2182,27.017512300768754,27.034491364815484
652,FD,Altay + COSAP,NO,YES,BOWTIE,Strelka,DELETE,True,889,11.007593233447947,11.014510918112265
653,FD,Altay + COSAP,NO,YES,BWA,SomaticSniper,DELETE,False,2183,27.02989429540705,27.04688114087635
654,FD,Altay + COSAP,NO,YES,BOWTIE,SomaticSniper,DELETE,False,377,4.668011978638781,4.670945574947496
655,FD,Altay + COSAP,NO,YES,BWA,Mutect,MARK,True,1400,17.334792493618814,17.345686485216167
656,FD,Altay + COSAP,NO,YES,BOWTIE,Mutect,MARK,True,1086,13.44684617719288,13.455296802103398
657,FD,Altay + COSAP,NO,YES,BWA,Strelka,MARK,True,2182,27.017512300768754,27.034491364815484
658,FD,Altay + COSAP,NO,YES,BOWTIE,Strelka,MARK,True,889,11.007593233447947,11.014510918112265
659,FD,Altay + COSAP,NO,YES,BWA,SomaticSniper,MARK,False,2183,27.02989429540705,27.04688114087635
660,FD,Altay + COSAP,NO,YES,BOWTIE,SomaticSniper,MARK,False,377,4.668011978638781,4.670945574947496
661,FD,Altay + COSAP,NO,NO,BWA,Mutect,DELETE,True,1504,18.622519936001925,18.63422319554651
662,FD,Altay + COSAP,NO,NO,BOWTIE,Mutect,DELETE,True,1369,16.95095065983154,16.961603427329237
663,FD,Altay + COSAP,NO,NO,BWA,Strelka,DELETE,True,3274,40.538650445791426,40.56412682328409
664,FD,Altay + COSAP,NO,NO,BOWTIE,Strelka,DELETE,True,1048,12.976330380937512,12.984485311790387
665,FD,Altay + COSAP,NO,NO,BWA,SomaticSniper,DELETE,False,3110,38.508003325110366,38.53220354930163
666,FD,Altay + COSAP,NO,NO,BOWTIE,SomaticSniper,DELETE,False,789,9.769393769618032,9.775533312025397
667,FD,Altay + COSAP,NO,NO,BWA,Mutect,MARK,True,1504,18.622519936001925,18.63422319554651
668,FD,Altay + COSAP,NO,NO,BOWTIE,Mutect,MARK,True,1369,16.95095065983154,16.961603427329237
669,FD,Altay + COSAP,NO,NO,BWA,Strelka,MARK,True,3274,40.538650445791426,40.56412682328409
670,FD,Altay + COSAP,NO,NO,BOWTIE,Strelka,MARK,True,1048,12.976330380937512,12.984485311790387
671,FD,Altay + COSAP,NO,NO,BWA,SomaticSniper,MARK,False,3110,38.508003325110366,38.53220354930163
672,FD,Altay + COSAP,NO,NO,BOWTIE,SomaticSniper,MARK,False,789,9.769393769618032,9.775533312025397
721,NC,Altay + COSAP,YES,YES,BWA,Mutect,DELETE,True,1137,14.078327903746137,14.0871753812077
722,NC,Altay + COSAP,YES,YES,BOWTIE,Mutect,DELETE,True,1071,13.261116257618394,13.269450161190367
723,NC,Altay + COSAP,YES,YES,BWA,Strelka,DELETE,True,1835,22.720960161278946,22.735239071694046
724,NC,Altay + COSAP,YES,YES,BOWTIE,Strelka,DELETE,True,1179,14.598371678554702,14.607545975764186
725,NC,Altay + COSAP,YES,YES,BWA,SomaticSniper,DELETE,False,1499,18.56060996281043,18.572274315242165
726,NC,Altay + COSAP,YES,YES,BOWTIE,SomaticSniper,DELETE,False,1246,15.427965319320744,15.437660971842387
727,NC,Altay + COSAP,YES,YES,BWA,Mutect,MARK,True,1137,14.078327903746137,14.0871753812077
728,NC,Altay + COSAP,YES,YES,BOWTIE,Mutect,MARK,True,1071,13.261116257618394,13.269450161190367
729,NC,Altay + COSAP,YES,YES,BWA,Strelka,MARK,True,1835,22.720960161278946,22.735239071694046
730,NC,Altay + COSAP,YES,YES,BOWTIE,Strelka,MARK,True,1179,14.598371678554702,14.607545975764186
731,NC,Altay + COSAP,YES,YES,BWA,SomaticSniper,MARK,False,1499,18.56060996281043,18.572274315242165
732,NC,Altay + COSAP,YES,YES,BOWTIE,SomaticSniper,MARK,False,1246,15.427965319320744,15.437660971842387
733,NC,Altay + COSAP,YES,NO,BWA,Mutect,DELETE,True,1139,14.103091893022736,14.111954933329438
734,NC,Altay + COSAP,YES,NO,BOWTIE,Mutect,DELETE,True,1078,13.347790220086488,13.356178593616448
735,NC,Altay + COSAP,YES,NO,BWA,Strelka,DELETE,True,2050,25.383089008513263,25.399040924780817
736,NC,Altay + COSAP,YES,NO,BOWTIE,Strelka,DELETE,True,1209,14.969831517703676,14.979239257590246
737,NC,Altay + COSAP,YES,NO,BWA,SomaticSniper,DELETE,False,1562,19.340675625023277,19.352830207076895
738,NC,Altay + COSAP,YES,NO,BOWTIE,SomaticSniper,DELETE,False,1369,16.95095065983154,16.961603427329237
739,NC,Altay + COSAP,YES,NO,BWA,Mutect,MARK,True,1139,14.103091893022736,14.111954933329438
740,NC,Altay + COSAP,YES,NO,BOWTIE,Mutect,MARK,True,1078,13.347790220086488,13.356178593616448
741,NC,Altay + COSAP,YES,NO,BWA,Strelka,MARK,True,2050,25.383089008513263,25.399040924780817
742,NC,Altay + COSAP,YES,NO,BOWTIE,Strelka,MARK,True,1209,14.969831517703676,14.979239257590246
743,NC,Altay + COSAP,YES,NO,BWA,SomaticSniper,MARK,False,1562,19.340675625023277,19.352830207076895
744,NC,Altay + COSAP,YES,NO,BOWTIE,SomaticSniper,MARK,False,1369,16.95095065983154,16.961603427329237
745,NC,Altay + COSAP,NO,YES,BWA,Mutect,DELETE,True,1131,14.004035935916342,14.012836724842488
746,NC,Altay + COSAP,NO,YES,BOWTIE,Mutect,DELETE,True,1086,13.44684617719288,13.455296802103398
747,NC,Altay + COSAP,NO,YES,BWA,Strelka,DELETE,True,1757,21.755164579491613,21.76883653894629
748,NC,Altay + COSAP,NO,YES,BOWTIE,Strelka,DELETE,True,1045,12.939184397022615,12.947315983607782
749,NC,Altay + COSAP,NO,YES,BWA,SomaticSniper,DELETE,False,1456,18.02818419336357,18.03951394462481
750,NC,Altay + COSAP,NO,YES,BOWTIE,SomaticSniper,DELETE,False,697,8.63025026289451,8.635673914425476
751,NC,Altay + COSAP,NO,YES,BWA,Mutect,MARK,True,1131,14.004035935916342,14.012836724842488
752,NC,Altay + COSAP,NO,YES,BOWTIE,Mutect,MARK,True,1086,13.44684617719288,13.455296802103398
753,NC,Altay + COSAP,NO,YES,BWA,Strelka,MARK,True,1757,21.755164579491613,21.76883653894629
754,NC,Altay + COSAP,NO,YES,BOWTIE,Strelka,MARK,True,1045,12.939184397022615,12.947315983607782
755,NC,Altay + COSAP,NO,YES,BWA,SomaticSniper,MARK,False,1456,18.02818419336357,18.03951394462481
756,NC,Altay + COSAP,NO,YES,BOWTIE,SomaticSniper,MARK,False,697,8.63025026289451,8.635673914425476
757,NC,Altay + COSAP,NO,NO,BWA,Mutect,DELETE,True,1138,14.090709898384436,14.09956515726857
758,NC,Altay + COSAP,NO,NO,BOWTIE,Mutect,DELETE,True,1084,13.422082187916281,13.43051724998166
759,NC,Altay + COSAP,NO,NO,BWA,Strelka,DELETE,True,1989,24.627787335577015,24.643264585067826
760,NC,Altay + COSAP,NO,NO,BOWTIE,Strelka,DELETE,True,1103,13.657340086043966,13.665922995138166
761,NC,Altay + COSAP,NO,NO,BWA,SomaticSniper,DELETE,False,1516,18.771103871661516,18.782900508276935
762,NC,Altay + COSAP,NO,NO,BOWTIE,SomaticSniper,DELETE,False,787,9.744629780341434,9.75075375990366
763,NC,Altay + COSAP,NO,NO,BWA,Mutect,MARK,True,1138,14.090709898384436,14.09956515726857
764,NC,Altay + COSAP,NO,NO,BOWTIE,Mutect,MARK,True,1084,13.422082187916281,13.43051724998166
765,NC,Altay + COSAP,NO,NO,BWA,Strelka,MARK,True,1989,24.627787335577015,24.643264585067826
766,NC,Altay + COSAP,NO,NO,BOWTIE,Strelka,MARK,True,1103,13.657340086043966,13.665922995138166
767,NC,Altay + COSAP,NO,NO,BWA,SomaticSniper,MARK,False,1516,18.771103871661516,18.782900508276935
768,NC,Altay + COSAP,NO,NO,BOWTIE,SomaticSniper,MARK,False,787,9.744629780341434,9.75075375990366
769,IL,Uhem + COSAP,YES,YES,BWA,Mutect,MARK,True,1128,13.966889952001445,13.975667396659883
770,IL,Uhem + COSAP,NO,NO,BWA,Mutect,MARK,True,1125,13.929743968086548,13.938498068477276
771,IL,Uhem + COSAP,YES,NO,BWA,Mutect,MARK,True,1125,13.929743968086548,13.938498068477276
772,IL,Uhem + COSAP,NO,YES,BWA,Mutect,MARK,True,1132,14.016417930554642,14.025226500903358
773,IL,Uhem + COSAP,YES,YES,BOWTIE,Mutect,MARK,True,1054,13.050622348767307,13.058823968155599
774,IL,Uhem + COSAP,NO,NO,BOWTIE,Mutect,MARK,True,1043,12.914420407746016,12.922536431486044
775,IL,Uhem + COSAP,YES,NO,BOWTIE,Mutect,MARK,True,1051,13.01347636485241,13.021654639972994
776,IL,Uhem + COSAP,NO,YES,BOWTIE,Mutect,MARK,True,1039,12.86489242919282,12.87297732724257
777,IL,Uhem + COSAP,YES,YES,BWA,Strelka,MARK,True,1711,21.185592826129852,21.19890684014633
778,IL,Uhem + COSAP,NO,NO,BWA,Strelka,MARK,True,2561,31.71028826868413,31.730216491884715
779,IL,Uhem + COSAP,YES,NO,BWA,Strelka,MARK,True,2601,32.205568054216094,32.225807534319465
780,IL,Uhem + COSAP,NO,YES,BWA,Strelka,MARK,True,1625,20.120741287236125,20.133386098911622
781,IL,Uhem + COSAP,YES,YES,BOWTIE,Strelka,MARK,True,1153,14.276439817958924,14.2854117981816
782,IL,Uhem + COSAP,NO,NO,BOWTIE,Strelka,MARK,True,1136,14.065945909107837,14.074785605146833
783,IL,Uhem + COSAP,YES,NO,BOWTIE,Strelka,MARK,True,1199,14.846011571320684,14.85534149698156
784,IL,Uhem + COSAP,NO,YES,BOWTIE,Strelka,MARK,True,1076,13.323026230809889,13.331399041494711
785,IL,Uhem + COSAP,YES,YES,BWA,SomaticSniper,MARK,False,1469,18.189150123661456,18.200581033416107
786,IL,Uhem + COSAP,NO,NO,BWA,SomaticSniper,MARK,False,1688,20.90080694944897,20.91394199074635
787,IL,Uhem + COSAP,YES,NO,BWA,SomaticSniper,MARK,False,1671,20.690313040597886,20.703315797711582
788,IL,Uhem + COSAP,NO,YES,BWA,SomaticSniper,MARK,False,1440,17.83007227915078,17.841277527650913
789,IL,Uhem + COSAP,YES,YES,BOWTIE,SomaticSniper,MARK,False,1081,13.384936204001384,13.393347921799053
790,IL,Uhem + COSAP,NO,NO,BOWTIE,SomaticSniper,MARK,False,832,10.301819539064896,10.30829368264275
791,IL,Uhem + COSAP,YES,NO,BOWTIE,SomaticSniper,MARK,False,1357,16.80236672417195,16.812926114598813
792,IL,Uhem + COSAP,NO,YES,BOWTIE,SomaticSniper,MARK,False,680,8.419756354043423,8.42504772139071
793,IL,Uhem + COSAP,YES,YES,BWA,Mutect,DELETE,True,1128,13.966889952001445,13.975667396659883
794,IL,Uhem + COSAP,NO,NO,BWA,Mutect,DELETE,True,1125,13.929743968086548,13.938498068477276
795,IL,Uhem + COSAP,YES,NO,BWA,Mutect,DELETE,True,1125,13.929743968086548,13.938498068477276
796,IL,Uhem + COSAP,NO,YES,BWA,Mutect,DELETE,True,1132,14.016417930554642,14.025226500903358
797,IL,Uhem + COSAP,YES,YES,BOWTIE,Mutect,DELETE,True,1054,13.050622348767307,13.058823968155599
798,IL,Uhem + COSAP,NO,NO,BOWTIE,Mutect,DELETE,True,1043,12.914420407746016,12.922536431486044
799,IL,Uhem + COSAP,YES,NO,BOWTIE,Mutect,DELETE,True,1051,13.01347636485241,13.021654639972994
800,IL,Uhem + COSAP,NO,YES,BOWTIE,Mutect,DELETE,True,1039,12.86489242919282,12.87297732724257
801,IL,Uhem + COSAP,YES,YES,BWA,Strelka,DELETE,True,1711,21.185592826129852,21.19890684014633
802,IL,Uhem + COSAP,NO,NO,BWA,Strelka,DELETE,True,2561,31.71028826868413,31.730216491884715
803,IL,Uhem + COSAP,YES,NO,BWA,Strelka,DELETE,True,2601,32.205568054216094,32.225807534319465
804,IL,Uhem + COSAP,NO,YES,BWA,Strelka,DELETE,True,1625,20.120741287236125,20.133386098911622
805,IL,Uhem + COSAP,YES,YES,BOWTIE,Strelka,DELETE,True,1153,14.276439817958924,14.2854117981816
806,IL,Uhem + COSAP,NO,NO,BOWTIE,Strelka,DELETE,True,1136,14.065945909107837,14.074785605146833
807,IL,Uhem + COSAP,YES,NO,BOWTIE,Strelka,DELETE,True,1199,14.846011571320684,14.85534149698156
808,IL,Uhem + COSAP,NO,YES,BOWTIE,Strelka,DELETE,True,1076,13.323026230809889,13.331399041494711
809,IL,Uhem + COSAP,YES,YES,BWA,SomaticSniper,DELETE,False,1469,18.189150123661456,18.200581033416107
810,IL,Uhem + COSAP,NO,NO,BWA,SomaticSniper,DELETE,False,1688,20.90080694944897,20.91394199074635
811,IL,Uhem + COSAP,YES,NO,BWA,SomaticSniper,DELETE,False,1671,20.690313040597886,20.703315797711582
812,IL,Uhem + COSAP,NO,YES,BWA,SomaticSniper,DELETE,False,1440,17.83007227915078,17.841277527650913
813,IL,Uhem + COSAP,YES,YES,BOWTIE,SomaticSniper,DELETE,False,1081,13.384936204001384,13.393347921799053
814,IL,Uhem + COSAP,NO,NO,BOWTIE,SomaticSniper,DELETE,False,832,10.301819539064896,10.30829368264275
815,IL,Uhem + COSAP,YES,NO,BOWTIE,SomaticSniper,DELETE,False,1357,16.80236672417195,16.812926114598813
816,IL,Uhem + COSAP,NO,YES,BOWTIE,SomaticSniper,DELETE,False,680,8.419756354043423,8.42504772139071
817,IL,Altay + COSAP,YES,YES,BWA,Mutect,MARK,True,1128,13.966889952001445,13.975667396659883
818,IL,Altay + COSAP,NO,NO,BWA,Mutect,MARK,True,1125,13.929743968086548,13.938498068477276
819,IL,Altay + COSAP,YES,NO,BWA,Mutect,MARK,True,1125,13.929743968086548,13.938498068477276
820,IL,Altay + COSAP,NO,YES,BWA,Mutect,MARK,True,1132,14.016417930554642,14.025226500903358
821,IL,Altay + COSAP,YES,YES,BOWTIE,Mutect,MARK,True,1054,13.050622348767307,13.058823968155599
822,IL,Altay + COSAP,NO,NO,BOWTIE,Mutect,MARK,True,1043,12.914420407746016,12.922536431486044
823,IL,Altay + COSAP,YES,NO,BOWTIE,Mutect,MARK,True,1051,13.01347636485241,13.021654639972994
824,IL,Altay + COSAP,NO,YES,BOWTIE,Mutect,MARK,True,1039,12.86489242919282,12.87297732724257
825,IL,Altay + COSAP,YES,YES,BWA,Strelka,MARK,True,1711,21.185592826129852,21.19890684014633
826,IL,Altay + COSAP,NO,NO,BWA,Strelka,MARK,True,2561,31.71028826868413,31.730216491884715
827,IL,Altay + COSAP,YES,NO,BWA,Strelka,MARK,True,2601,32.205568054216094,32.225807534319465
828,IL,Altay + COSAP,NO,YES,BWA,Strelka,MARK,True,1625,20.120741287236125,20.133386098911622
829,IL,Altay + COSAP,YES,YES,BOWTIE,Strelka,MARK,True,1153,14.276439817958924,14.2854117981816
830,IL,Altay + COSAP,NO,NO,BOWTIE,Strelka,MARK,True,1136,14.065945909107837,14.074785605146833
831,IL,Altay + COSAP,YES,NO,BOWTIE,Strelka,MARK,True,1199,14.846011571320684,14.85534149698156
832,IL,Altay + COSAP,NO,YES,BOWTIE,Strelka,MARK,True,1076,13.323026230809889,13.331399041494711
833,IL,Altay + COSAP,YES,YES,BWA,SomaticSniper,MARK,False,1468,18.176768129023156,18.188191257355236
834,IL,Altay + COSAP,NO,NO,BWA,SomaticSniper,MARK,False,1688,20.90080694944897,20.91394199074635
835,IL,Altay + COSAP,YES,NO,BWA,SomaticSniper,MARK,False,1671,20.690313040597886,20.703315797711582
836,IL,Altay + COSAP,NO,YES,BWA,SomaticSniper,MARK,False,1440,17.83007227915078,17.841277527650913
837,IL,Altay + COSAP,YES,YES,BOWTIE,SomaticSniper,MARK,False,1081,13.384936204001384,13.393347921799053
838,IL,Altay + COSAP,NO,NO,BOWTIE,SomaticSniper,MARK,False,832,10.301819539064896,10.30829368264275
839,IL,Altay + COSAP,YES,NO,BOWTIE,SomaticSniper,MARK,False,1357,16.80236672417195,16.812926114598813
840,IL,Altay + COSAP,NO,YES,BOWTIE,SomaticSniper,MARK,False,680,8.419756354043423,8.42504772139071
841,IL,Altay + COSAP,YES,YES,BWA,Mutect,DELETE,True,1128,13.966889952001445,13.975667396659883
842,IL,Altay + COSAP,NO,NO,BWA,Mutect,DELETE,True,1125,13.929743968086548,13.938498068477276
843,IL,Altay + COSAP,YES,NO,BWA,Mutect,DELETE,True,1125,13.929743968086548,13.938498068477276
844,IL,Altay + COSAP,NO,YES,BWA,Mutect,DELETE,True,1132,14.016417930554642,14.025226500903358
845,IL,Altay + COSAP,YES,YES,BOWTIE,Mutect,DELETE,True,1054,13.050622348767307,13.058823968155599
846,IL,Altay + COSAP,NO,NO,BOWTIE,Mutect,DELETE,True,1043,12.914420407746016,12.922536431486044
847,IL,Altay + COSAP,YES,NO,BOWTIE,Mutect,DELETE,True,1051,13.01347636485241,13.021654639972994
848,IL,Altay + COSAP,NO,YES,BOWTIE,Mutect,DELETE,True,1039,12.86489242919282,12.87297732724257
849,IL,Altay + COSAP,YES,YES,BWA,Strelka,DELETE,True,1711,21.185592826129852,21.19890684014633
850,IL,Altay + COSAP,NO,NO,BWA,Strelka,DELETE,True,2561,31.71028826868413,31.730216491884715
851,IL,Altay + COSAP,YES,NO,BWA,Strelka,DELETE,True,2601,32.205568054216094,32.225807534319465
852,IL,Altay + COSAP,NO,YES,BWA,Strelka,DELETE,True,1625,20.120741287236125,20.133386098911622
853,IL,Altay + COSAP,YES,YES,BOWTIE,Strelka,DELETE,True,1153,14.276439817958924,14.2854117981816
854,IL,Altay + COSAP,NO,NO,BOWTIE,Strelka,DELETE,True,1136,14.065945909107837,14.074785605146833
855,IL,Altay + COSAP,YES,NO,BOWTIE,Strelka,DELETE,True,1199,14.846011571320684,14.85534149698156
856,IL,Altay + COSAP,NO,YES,BOWTIE,Strelka,DELETE,True,1076,13.323026230809889,13.331399041494711
857,IL,Altay + COSAP,YES,YES,BWA,SomaticSniper,DELETE,False,1469,18.189150123661456,18.200581033416107
858,IL,Altay + COSAP,NO,NO,BWA,SomaticSniper,DELETE,False,1688,20.90080694944897,20.91394199074635
859,IL,Altay + COSAP,YES,NO,BWA,SomaticSniper,DELETE,False,1671,20.690313040597886,20.703315797711582
860,IL,Altay + COSAP,NO,YES,BWA,SomaticSniper,DELETE,False,1440,17.83007227915078,17.841277527650913
861,IL,Altay + COSAP,YES,YES,BOWTIE,SomaticSniper,DELETE,False,1081,13.384936204001384,13.393347921799053
862,IL,Altay + COSAP,NO,NO,BOWTIE,SomaticSniper,DELETE,False,832,10.301819539064896,10.30829368264275
863,IL,Altay + COSAP,YES,NO,BOWTIE,SomaticSniper,DELETE,False,1357,16.80236672417195,16.812926114598813
864,IL,Altay + COSAP,NO,YES,BOWTIE,SomaticSniper,DELETE,False,680,8.419756354043423,8.42504772139071
