run,Sample,Environment,isTrimmed,baseRecalibration,Mapper,VariantCaller,Duplicates,Node,ElapsedTime,elapsed_seconds
2,EA,Altay + COSAP,YES,YES,BWA,Mutect,MARK,a047,07:15:00,26100
8,EA,Altay + COSAP,NO,NO,BWA,Mutect,MARK,a047,06:12:47,22367
14,EA,Altay + COSAP,YES,NO,BWA,Mutect,MARK,a047,05:48:51,20931
20,EA,Altay + COSAP,NO,YES,BWA,Mutect,MARK,a047,07:44:08,27848
26,EA,Altay + COSAP,YES,YES,BOWTIE,Mutect,MARK,a078,07:36:41,27401
32,EA,Altay + COSAP,NO,NO,BOWTIE,Mutect,MARK,a078,09:57:30,35850
38,EA,Altay + COSAP,YES,NO,BOWTIE,Mutect,MARK,a078,06:05:48,21948
44,EA,Altay + COSAP,NO,YES,BOWTIE,Mutect,MARK,a078,10:37:11,38231
50,EA,Altay + COSAP,YES,YES,BWA,Strelka,MARK,a063,03:34:43,12883
56,EA,Altay + COSAP,NO,NO,BWA,Strelka,MARK,a063,01:39:41,5981
62,EA,Altay + COSAP,YES,NO,BWA,Strelka,MARK,a063,02:00:07,7207
68,EA,Altay + COSAP,NO,YES,BWA,Strelka,MARK,a063,03:23:03,12183
74,EA,Altay + COSAP,YES,YES,BOWTIE,Strelka,MARK,a076,04:14:42,15282
80,EA,Altay + COSAP,NO,NO,BOWTIE,Strelka,MARK,a076,02:19:51,8391
86,EA,Altay + COSAP,YES,NO,BOWTIE,Strelka,MARK,a076,02:29:00,8940
92,EA,Altay + COSAP,NO,YES,BOWTIE,Strelka,MARK,a076,03:57:32,14252
98,EA,Altay + COSAP,YES,YES,BWA,SomaticSniper,MARK,a041,03:56:22,14182
104,EA,Altay + COSAP,NO,NO,BWA,SomaticSniper,MARK,a041,02:03:55,7435
110,EA,Altay + COSAP,YES,NO,BWA,SomaticSniper,MARK,a041,02:22:27,8547
116,EA,Altay + COSAP,NO,YES,BWA,SomaticSniper,MARK,a041,03:46:40,13600
122,EA,Altay + COSAP,YES,YES,BOWTIE,SomaticSniper,MARK,a071,04:31:48,16308
128,EA,Altay + COSAP,NO,NO,BOWTIE,SomaticSniper,MARK,a071,02:38:59,9539
134,EA,Altay + COSAP,YES,NO,BOWTIE,SomaticSniper,MARK,a071,02:50:38,10238
140,EA,Altay + COSAP,NO,YES,BOWTIE,SomaticSniper,MARK,a071,04:30:22,16222
147,LL,Uhem + COSAP,YES,YES,BWA,Mutect,MARK,s008,2:59:11,10751
148,EA,Uhem + COSAP,YES,YES,BWA,Mutect,MARK,s004,07:47:19,28039
149,LL,Altay + COSAP,YES,YES,BWA,Mutect,MARK,a062,02:54:31,10471
150,NC,Uhem + COSAP,YES,YES,BWA,Mutect,MARK,s020,7:15:03,26103
153,LL,Uhem + COSAP,NO,NO,BWA,Mutect,MARK,s008,3:09:49,11389
154,EA,Uhem + COSAP,NO,NO,BWA,Mutect,MARK,s004,07:05:44,25544
155,LL,Altay + COSAP,NO,NO,BWA,Mutect,MARK,a062,03:16:30,11790
156,NC,Uhem + COSAP,NO,NO,BWA,Mutect,MARK,s020,8:33:53,30833
159,LL,Uhem + COSAP,YES,NO,BWA,Mutect,MARK,s008,2:30:06,9006
160,EA,Uhem + COSAP,YES,NO,BWA,Mutect,MARK,s004,06:19:42,22782
161,LL,Altay + COSAP,YES,NO,BWA,Mutect,MARK,a062,02:32:36,9156
162,NC,Uhem + COSAP,YES,NO,BWA,Mutect,MARK,s020,6:24:13,23053
165,LL,Uhem + COSAP,NO,YES,BWA,Mutect,MARK,s008,3:32:01,12721
166,EA,Uhem + COSAP,NO,YES,BWA,Mutect,MARK,s004,08:32:12,30732
167,LL,Altay + COSAP,NO,YES,BWA,Mutect,MARK,a062,03:16:30,11790
168,NC,Uhem + COSAP,NO,YES,BWA,Mutect,MARK,s020,9:05:42,32742
171,LL,Uhem + COSAP,YES,YES,BOWTIE,Mutect,MARK,s028,3:02:11,10931
172,EA,Uhem + COSAP,YES,YES,BOWTIE,Mutect,MARK,s067,08:53:30,32010
173,LL,Altay + COSAP,YES,YES,BOWTIE,Mutect,MARK,a057,02:53:08,10388
174,NC,Uhem + COSAP,YES,YES,BOWTIE,Mutect,MARK,s022,7:10:35,25835
177,LL,Uhem + COSAP,NO,NO,BOWTIE,Mutect,MARK,s028,3:51:14,13874
178,EA,Uhem + COSAP,NO,NO,BOWTIE,Mutect,MARK,s067,12:00:05,43205
179,LL,Altay + COSAP,NO,NO,BOWTIE,Mutect,MARK,a057,03:54:07,14047
180,NC,Uhem + COSAP,NO,NO,BOWTIE,Mutect,MARK,s022,10:56:36,39396
183,LL,Uhem + COSAP,YES,NO,BOWTIE,Mutect,MARK,s028,2:28:14,8894
184,EA,Uhem + COSAP,YES,NO,BOWTIE,Mutect,MARK,s067,07:06:47,25607
185,LL,Altay + COSAP,YES,NO,BOWTIE,Mutect,MARK,a057,02:30:39,9039
186,NC,Uhem + COSAP,YES,NO,BOWTIE,Mutect,MARK,s022,6:09:56,22196
189,LL,Uhem + COSAP,NO,YES,BOWTIE,Mutect,MARK,s028,3:52:38,13958
190,EA,Uhem + COSAP,NO,YES,BOWTIE,Mutect,MARK,s067,12:24:31,44671
191,LL,Altay + COSAP,NO,YES,BOWTIE,Mutect,MARK,a057,03:51:21,13881
192,NC,Uhem + COSAP,NO,YES,BOWTIE,Mutect,MARK,s022,9:49:26,35366
195,LL,Uhem + COSAP,YES,YES,BWA,Strelka,MARK,s022,1:23:18,4998
196,EA,Uhem + COSAP,YES,YES,BWA,Strelka,MARK,s023,03:11:37,11497
197,LL,Altay + COSAP,YES,YES,BWA,Strelka,MARK,a043,01:25:44,5144
198,NC,Uhem + COSAP,YES,YES,BWA,Strelka,MARK,s023,2:42:53,9773
201,LL,Uhem + COSAP,NO,NO,BWA,Strelka,MARK,s022,0:44:06,2646
202,EA,Uhem + COSAP,NO,NO,BWA,Strelka,MARK,s023,02:00:47,7247
203,LL,Altay + COSAP,NO,NO,BWA,Strelka,MARK,a043,00:41:23,2483
204,NC,Uhem + COSAP,NO,NO,BWA,Strelka,MARK,f010,0:55:57,3357
207,LL,Uhem + COSAP,YES,NO,BWA,Strelka,MARK,s022,0:37:34,2254
208,EA,Uhem + COSAP,YES,NO,BWA,Strelka,MARK,s023,01:59:32,7172
209,LL,Altay + COSAP,YES,NO,BWA,Strelka,MARK,a043,00:43:39,2619
210,NC,Uhem + COSAP,YES,NO,BWA,Strelka,MARK,f010,1:01:53,3713
213,LL,Uhem + COSAP,NO,YES,BWA,Strelka,MARK,s022,1:22:52,4972
214,EA,Uhem + COSAP,NO,YES,BWA,Strelka,MARK,s023,03:46:06,13566
215,LL,Altay + COSAP,NO,YES,BWA,Strelka,MARK,a043,01:22:33,4953
216,NC,Uhem + COSAP,NO,YES,BWA,Strelka,MARK,f010,2:25:31,8731
219,LL,Uhem + COSAP,YES,YES,BOWTIE,Strelka,MARK,s022,1:37:23,5843
220,EA,Uhem + COSAP,YES,YES,BOWTIE,Strelka,MARK,f003,03:56:26,14186
221,LL,Altay + COSAP,YES,YES,BOWTIE,Strelka,MARK,a044,01:36:23,5783
222,NC,Uhem + COSAP,YES,YES,BOWTIE,Strelka,MARK,s023,2:41:39,9699
225,LL,Uhem + COSAP,NO,NO,BOWTIE,Strelka,MARK,s022,0:46:53,2813
226,EA,Uhem + COSAP,NO,NO,BOWTIE,Strelka,MARK,f003,02:06:25,7585
227,LL,Altay + COSAP,NO,NO,BOWTIE,Strelka,MARK,a044,00:46:40,2800
228,NC,Uhem + COSAP,NO,NO,BOWTIE,Strelka,MARK,s023,1:16:19,4579
231,LL,Uhem + COSAP,YES,NO,BOWTIE,Strelka,MARK,s022,0:49:57,2997
232,EA,Uhem + COSAP,YES,NO,BOWTIE,Strelka,MARK,f003,02:14:47,8087
233,LL,Altay + COSAP,YES,NO,BOWTIE,Strelka,MARK,a044,00:53:31,3211
234,NC,Uhem + COSAP,YES,NO,BOWTIE,Strelka,MARK,s023,1:19:49,4789
237,LL,Uhem + COSAP,NO,YES,BOWTIE,Strelka,MARK,s022,1:30:34,5434
238,EA,Uhem + COSAP,NO,YES,BOWTIE,Strelka,MARK,f003,03:51:50,13910
239,LL,Altay + COSAP,NO,YES,BOWTIE,Strelka,MARK,a044,01:27:47,5267
240,NC,Uhem + COSAP,NO,YES,BOWTIE,Strelka,MARK,s023,2:39:04,9544
243,LL,Uhem + COSAP,YES,YES,BWA,SomaticSniper,MARK,s011,1:30:55,5455
244,EA,Uhem + COSAP,YES,YES,BWA,SomaticSniper,MARK,s030,04:36:26,16586
245,LL,Altay + COSAP,YES,YES,BWA,SomaticSniper,MARK,a059,01:31:54,5514
246,NC,Uhem + COSAP,YES,YES,BWA,SomaticSniper,MARK,s021,2:34:52,9292
249,LL,Uhem + COSAP,NO,NO,BWA,SomaticSniper,MARK,s011,0:40:53,2453
250,EA,Uhem + COSAP,NO,NO,BWA,SomaticSniper,MARK,s030,02:48:39,10119
251,LL,Altay + COSAP,NO,NO,BWA,SomaticSniper,MARK,a059,00:46:40,2800
252,NC,Uhem + COSAP,NO,NO,BWA,SomaticSniper,MARK,s021,1:09:56,4196
255,LL,Uhem + COSAP,YES,NO,BWA,SomaticSniper,MARK,s011,0:42:50,2570
256,EA,Uhem + COSAP,YES,NO,BWA,SomaticSniper,MARK,s030,02:50:05,10205
257,LL,Altay + COSAP,YES,NO,BWA,SomaticSniper,MARK,a059,00:47:30,2850
258,NC,Uhem + COSAP,YES,NO,BWA,SomaticSniper,MARK,s021,1:13:23,4403
261,LL,Uhem + COSAP,NO,YES,BWA,SomaticSniper,MARK,s011,1:29:53,5393
262,EA,Uhem + COSAP,NO,YES,BWA,SomaticSniper,MARK,s030,04:16:05,15365
263,LL,Altay + COSAP,NO,YES,BWA,SomaticSniper,MARK,a059,01:29:06,5346
264,NC,Uhem + COSAP,NO,YES,BWA,SomaticSniper,MARK,s021,2:34:13,9253
267,LL,Uhem + COSAP,YES,YES,BOWTIE,SomaticSniper,MARK,s032,1:45:03,6303
268,EA,Uhem + COSAP,YES,YES,BOWTIE,SomaticSniper,MARK,s002,04:21:53,15713
269,LL,Altay + COSAP,YES,YES,BOWTIE,SomaticSniper,MARK,a058,01:42:08,6128
270,NC,Uhem + COSAP,YES,YES,BOWTIE,SomaticSniper,MARK,s027,3:01:27,10887
273,LL,Uhem + COSAP,NO,NO,BOWTIE,SomaticSniper,MARK,s032,0:53:28,3208
274,EA,Uhem + COSAP,NO,NO,BOWTIE,SomaticSniper,MARK,s002,02:32:17,9137
275,LL,Altay + COSAP,NO,NO,BOWTIE,SomaticSniper,MARK,a058,00:53:47,3227
276,NC,Uhem + COSAP,NO,NO,BOWTIE,SomaticSniper,MARK,s027,1:32:46,5566
279,LL,Uhem + COSAP,YES,NO,BOWTIE,SomaticSniper,MARK,s032,0:55:54,3354
280,EA,Uhem + COSAP,YES,NO,BOWTIE,SomaticSniper,MARK,s002,02:37:56,9476
281,LL,Altay + COSAP,YES,NO,BOWTIE,SomaticSniper,MARK,a058,00:59:35,3575
282,NC,Uhem + COSAP,YES,NO,BOWTIE,SomaticSniper,MARK,s027,1:35:48,5748
285,LL,Uhem + COSAP,NO,YES,BOWTIE,SomaticSniper,MARK,s032,1:40:09,6009
286,EA,Uhem + COSAP,NO,YES,BOWTIE,SomaticSniper,MARK,s002,04:18:51,15531
287,LL,Altay + COSAP,NO,YES,BOWTIE,SomaticSniper,MARK,a058,01:36:35,5795
288,NC,Uhem + COSAP,NO,YES,BOWTIE,SomaticSniper,MARK,s027,3:00:33,10833
290,EA,Altay + COSAP,YES,YES,BWA,Mutect,DELETE,a079,06:07:30,22050
296,EA,Altay + COSAP,NO,NO,BWA,Mutect,DELETE,a079,06:31:30,23490
302,EA,Altay + COSAP,YES,NO,BWA,Mutect,DELETE,a079,05:47:03,20823
308,EA,Altay + COSAP,NO,YES,BWA,Mutect,DELETE,a079,08:12:58,29578
314,EA,Altay + COSAP,YES,YES,BOWTIE,Mutect,DELETE,a061,07:55:59,28559
320,EA,Altay + COSAP,NO,NO,BOWTIE,Mutect,DELETE,a061,10:10:03,36603
326,EA,Altay + COSAP,YES,NO,BOWTIE,Mutect,DELETE,a061,06:10:35,22235
332,EA,Altay + COSAP,NO,YES,BOWTIE,Mutect,DELETE,a061,10:55:33,39333
338,EA,Altay + COSAP,YES,YES,BWA,Strelka,DELETE,a046,03:58:20,14300
344,EA,Altay + COSAP,NO,NO,BWA,Strelka,DELETE,a048,01:49:01,6541
350,EA,Altay + COSAP,YES,NO,BWA,Strelka,DELETE,a048,02:03:24,7404
356,EA,Altay + COSAP,NO,YES,BWA,Strelka,DELETE,a048,03:34:30,12870
362,EA,Altay + COSAP,YES,YES,BOWTIE,Strelka,DELETE,a062,04:30:56,16256
368,EA,Altay + COSAP,NO,NO,BOWTIE,Strelka,DELETE,a062,02:15:48,8148
374,EA,Altay + COSAP,YES,NO,BOWTIE,Strelka,DELETE,a062,02:37:28,9448
380,EA,Altay + COSAP,NO,YES,BOWTIE,Strelka,DELETE,a062,04:15:32,15332
386,EA,Altay + COSAP,YES,YES,BWA,SomaticSniper,DELETE,a049,04:19:05,15545
392,EA,Altay + COSAP,NO,NO,BWA,SomaticSniper,DELETE,a049,02:10:21,7821
398,EA,Altay + COSAP,YES,NO,BWA,SomaticSniper,DELETE,a049,02:29:23,8963
404,EA,Altay + COSAP,NO,YES,BWA,SomaticSniper,DELETE,a049,04:06:32,14792
410,EA,Altay + COSAP,YES,YES,BOWTIE,SomaticSniper,DELETE,a064,04:57:47,17867
416,EA,Altay + COSAP,NO,NO,BOWTIE,SomaticSniper,DELETE,a064,02:46:02,9962
422,EA,Altay + COSAP,YES,NO,BOWTIE,SomaticSniper,DELETE,a064,02:57:27,10647
428,EA,Altay + COSAP,NO,YES,BOWTIE,SomaticSniper,DELETE,a064,04:49:56,17396
435,LL,Uhem + COSAP,YES,YES,BWA,Mutect,DELETE,s046,2:51:10,10270
436,EA,Uhem + COSAP,YES,YES,BWA,Mutect,DELETE,s063,08:50:36,31836
437,LL,Altay + COSAP,YES,YES,BWA,Mutect,DELETE,a081,02:56:15,10575
438,NC,Uhem + COSAP,YES,YES,BWA,Mutect,DELETE,s012,7:22:50,26570
441,LL,Uhem + COSAP,NO,NO,BWA,Mutect,DELETE,s046,3:10:12,11412
442,EA,Uhem + COSAP,NO,NO,BWA,Mutect,DELETE,s063,07:45:24,27924
443,LL,Altay + COSAP,NO,NO,BWA,Mutect,DELETE,a081,03:17:13,11833
444,NC,Uhem + COSAP,NO,NO,BWA,Mutect,DELETE,s012,9:05:06,32706
447,LL,Uhem + COSAP,YES,NO,BWA,Mutect,DELETE,s046,2:26:31,8791
448,EA,Uhem + COSAP,YES,NO,BWA,Mutect,DELETE,s063,06:59:08,25148
449,LL,Altay + COSAP,YES,NO,BWA,Mutect,DELETE,a081,02:30:55,9055
450,NC,Uhem + COSAP,YES,NO,BWA,Mutect,DELETE,s012,6:32:11,23531
453,LL,Uhem + COSAP,NO,YES,BWA,Mutect,DELETE,s046,3:27:06,12426
454,EA,Uhem + COSAP,NO,YES,BWA,Mutect,DELETE,s063,09:42:07,34927
455,LL,Altay + COSAP,NO,YES,BWA,Mutect,DELETE,a081,03:35:02,12902
456,NC,Uhem + COSAP,NO,YES,BWA,Mutect,DELETE,s012,9:02:31,32551
459,LL,Uhem + COSAP,YES,YES,BOWTIE,Mutect,DELETE,s042,3:04:35,11075
460,EA,Uhem + COSAP,YES,YES,BOWTIE,Mutect,DELETE,s066,09:17:06,33426
461,LL,Altay + COSAP,YES,YES,BOWTIE,Mutect,DELETE,a076,02:52:52,10372
462,NC,Uhem + COSAP,YES,YES,BOWTIE,Mutect,DELETE,s022,7:12:41,25961
465,LL,Uhem + COSAP,NO,NO,BOWTIE,Mutect,DELETE,s042,4:13:58,15238
466,EA,Uhem + COSAP,NO,NO,BOWTIE,Mutect,DELETE,s066,12:07:36,43656
467,LL,Altay + COSAP,NO,NO,BOWTIE,Mutect,DELETE,a076,03:52:28,13948
468,NC,Uhem + COSAP,NO,NO,BOWTIE,Mutect,DELETE,s022,10:58:56,39536
471,LL,Uhem + COSAP,YES,NO,BOWTIE,Mutect,DELETE,s042,2:42:15,9735
472,EA,Uhem + COSAP,YES,NO,BOWTIE,Mutect,DELETE,s066,07:15:09,26109
473,LL,Altay + COSAP,YES,NO,BOWTIE,Mutect,DELETE,a076,02:29:26,8966
474,NC,Uhem + COSAP,YES,NO,BOWTIE,Mutect,DELETE,s022,6:05:45,21945
477,LL,Uhem + COSAP,NO,YES,BOWTIE,Mutect,DELETE,s042,4:09:33,14973
478,EA,Uhem + COSAP,NO,YES,BOWTIE,Mutect,DELETE,s066,12:44:01,45841
479,LL,Altay + COSAP,NO,YES,BOWTIE,Mutect,DELETE,a076,03:44:02,13442
480,NC,Uhem + COSAP,NO,YES,BOWTIE,Mutect,DELETE,s022,9:48:41,35321
483,LL,Uhem + COSAP,YES,YES,BWA,Strelka,DELETE,s037,1:16:45,4605
484,EA,Uhem + COSAP,YES,YES,BWA,Strelka,DELETE,s064,03:44:14,13454
485,LL,Altay + COSAP,YES,YES,BWA,Strelka,DELETE,a084,01:23:36,5016
486,NC,Uhem + COSAP,YES,YES,BWA,Strelka,DELETE,s021,2:16:45,8205
489,LL,Uhem + COSAP,NO,NO,BWA,Strelka,DELETE,s037,0:42:25,2545
490,EA,Uhem + COSAP,NO,NO,BWA,Strelka,DELETE,s064,01:37:40,5860
491,LL,Altay + COSAP,NO,NO,BWA,Strelka,DELETE,a084,00:37:57,2277
492,NC,Uhem + COSAP,NO,NO,BWA,Strelka,DELETE,s021,0:58:05,3485
495,LL,Uhem + COSAP,YES,NO,BWA,Strelka,DELETE,s037,0:34:45,2085
496,EA,Uhem + COSAP,YES,NO,BWA,Strelka,DELETE,s064,01:44:11,6251
497,LL,Altay + COSAP,YES,NO,BWA,Strelka,DELETE,a084,00:45:14,2714
498,NC,Uhem + COSAP,YES,NO,BWA,Strelka,DELETE,s021,1:02:33,3753
501,LL,Uhem + COSAP,NO,YES,BWA,Strelka,DELETE,s037,1:14:50,4490
502,EA,Uhem + COSAP,NO,YES,BWA,Strelka,DELETE,s064,03:42:07,13327
503,LL,Altay + COSAP,NO,YES,BWA,Strelka,DELETE,a084,01:21:16,4876
504,NC,Uhem + COSAP,NO,YES,BWA,Strelka,DELETE,s021,2:25:58,8758
507,LL,Uhem + COSAP,YES,YES,BOWTIE,Strelka,DELETE,s037,1:30:59,5459
508,EA,Uhem + COSAP,YES,YES,BOWTIE,Strelka,DELETE,s014,04:17:18,15438
509,LL,Altay + COSAP,YES,YES,BOWTIE,Strelka,DELETE,a049,01:35:41,5741
510,NC,Uhem + COSAP,YES,YES,BOWTIE,Strelka,DELETE,s021,2:40:22,9622
513,LL,Uhem + COSAP,NO,NO,BOWTIE,Strelka,DELETE,s037,0:45:46,2746
514,EA,Uhem + COSAP,NO,NO,BOWTIE,Strelka,DELETE,s067,02:16:57,8217
515,LL,Altay + COSAP,NO,NO,BOWTIE,Strelka,DELETE,a049,00:46:22,2782
516,NC,Uhem + COSAP,NO,NO,BOWTIE,Strelka,DELETE,s021,1:15:25,4525
519,LL,Uhem + COSAP,YES,NO,BOWTIE,Strelka,DELETE,s037,0:47:53,2873
520,EA,Uhem + COSAP,YES,NO,BOWTIE,Strelka,DELETE,s067,02:24:03,8643
521,LL,Altay + COSAP,YES,NO,BOWTIE,Strelka,DELETE,a049,00:54:20,3260
522,NC,Uhem + COSAP,YES,NO,BOWTIE,Strelka,DELETE,s021,1:18:18,4698
525,LL,Uhem + COSAP,NO,YES,BOWTIE,Strelka,DELETE,s037,1:24:15,5055
526,EA,Uhem + COSAP,NO,YES,BOWTIE,Strelka,DELETE,s067,04:29:30,16170
527,LL,Altay + COSAP,NO,YES,BOWTIE,Strelka,DELETE,a049,01:26:31,5191
528,NC,Uhem + COSAP,NO,YES,BOWTIE,Strelka,DELETE,s021,2:37:41,9461
531,LL,Uhem + COSAP,YES,YES,BWA,SomaticSniper,DELETE,s045,1:31:18,5478
532,EA,Uhem + COSAP,YES,YES,BWA,SomaticSniper,DELETE,s065,04:14:17,15257
533,LL,Altay + COSAP,YES,YES,BWA,SomaticSniper,DELETE,a065,01:30:26,5426
534,NC,Uhem + COSAP,YES,YES,BWA,SomaticSniper,DELETE,s020,2:35:13,9313
537,LL,Uhem + COSAP,NO,NO,BWA,SomaticSniper,DELETE,s045,0:41:53,2513
538,EA,Uhem + COSAP,NO,NO,BWA,SomaticSniper,DELETE,s065,02:03:41,7421
539,LL,Altay + COSAP,NO,NO,BWA,SomaticSniper,DELETE,a065,00:46:35,2795
540,NC,Uhem + COSAP,NO,NO,BWA,SomaticSniper,DELETE,s020,1:09:09,4149
543,LL,Uhem + COSAP,YES,NO,BWA,SomaticSniper,DELETE,s045,0:45:12,2712
544,EA,Uhem + COSAP,YES,NO,BWA,SomaticSniper,DELETE,s065,02:14:07,8047
545,LL,Altay + COSAP,YES,NO,BWA,SomaticSniper,DELETE,a065,00:49:52,2992
546,NC,Uhem + COSAP,YES,NO,BWA,SomaticSniper,DELETE,s020,1:12:17,4337
549,LL,Uhem + COSAP,NO,YES,BWA,SomaticSniper,DELETE,s045,1:32:47,5567
550,EA,Uhem + COSAP,NO,YES,BWA,SomaticSniper,DELETE,s065,04:13:09,15189
551,LL,Altay + COSAP,NO,YES,BWA,SomaticSniper,DELETE,a065,01:29:18,5358
552,NC,Uhem + COSAP,NO,YES,BWA,SomaticSniper,DELETE,s020,2:32:16,9136
555,LL,Uhem + COSAP,YES,YES,BOWTIE,SomaticSniper,DELETE,s022,1:46:00,6360
556,EA,Uhem + COSAP,YES,YES,BOWTIE,SomaticSniper,DELETE,s036,05:00:35,18035
557,LL,Altay + COSAP,YES,YES,BOWTIE,SomaticSniper,DELETE,a055,01:44:27,6267
558,NC,Uhem + COSAP,YES,YES,BOWTIE,SomaticSniper,DELETE,s023,3:01:02,10862
561,LL,Uhem + COSAP,NO,NO,BOWTIE,SomaticSniper,DELETE,s022,0:54:24,3264
562,EA,Uhem + COSAP,NO,NO,BOWTIE,SomaticSniper,DELETE,s036,02:50:36,10236
563,LL,Altay + COSAP,NO,NO,BOWTIE,SomaticSniper,DELETE,a055,00:54:13,3253
564,NC,Uhem + COSAP,NO,NO,BOWTIE,SomaticSniper,DELETE,s023,1:33:52,5632
567,LL,Uhem + COSAP,YES,NO,BOWTIE,SomaticSniper,DELETE,s022,0:57:22,3442
568,EA,Uhem + COSAP,YES,NO,BOWTIE,SomaticSniper,DELETE,s036,02:50:22,10222
569,LL,Altay + COSAP,YES,NO,BOWTIE,SomaticSniper,DELETE,a055,00:59:33,3573
570,NC,Uhem + COSAP,YES,NO,BOWTIE,SomaticSniper,DELETE,s023,1:35:26,5726
573,LL,Uhem + COSAP,NO,YES,BOWTIE,SomaticSniper,DELETE,s022,1:41:31,6091
574,EA,Uhem + COSAP,NO,YES,BOWTIE,SomaticSniper,DELETE,s036,05:01:51,18111
575,LL,Altay + COSAP,NO,YES,BOWTIE,SomaticSniper,DELETE,a055,01:35:12,5712
576,NC,Uhem + COSAP,NO,YES,BOWTIE,SomaticSniper,DELETE,s023,2:58:15,10695
577,FD,Uhem + COSAP,YES,YES,BWA,Mutect,DELETE,s036,04:28:11,16091
578,FD,Uhem + COSAP,YES,YES,BOWTIE,Mutect,DELETE,s051,04:39:50,16790
579,FD,Uhem + COSAP,YES,YES,BWA,Strelka,DELETE,s041,01:42:01,6121
580,FD,Uhem + COSAP,YES,YES,BOWTIE,Strelka,DELETE,s054,02:00:00,7200
581,FD,Uhem + COSAP,YES,YES,BWA,SomaticSniper,DELETE,s049,01:52:26,6746
582,FD,Uhem + COSAP,YES,YES,BOWTIE,SomaticSniper,DELETE,s055,02:13:20,8000
583,FD,Uhem + COSAP,YES,YES,BWA,Mutect,MARK,s029,04:25:05,15905
584,FD,Uhem + COSAP,YES,YES,BOWTIE,Mutect,MARK,s025,04:08:48,14928
585,FD,Uhem + COSAP,YES,YES,BWA,Strelka,MARK,s026,01:29:18,5358
586,FD,Uhem + COSAP,YES,YES,BOWTIE,Strelka,MARK,s017,01:47:10,6430
587,FD,Uhem + COSAP,YES,YES,BWA,SomaticSniper,MARK,s027,01:37:58,5878
588,FD,Uhem + COSAP,YES,YES,BOWTIE,SomaticSniper,MARK,s019,01:56:03,6963
589,FD,Uhem + COSAP,YES,NO,BWA,Mutect,DELETE,s036,04:22:39,15759
590,FD,Uhem + COSAP,YES,NO,BOWTIE,Mutect,DELETE,s051,04:22:56,15776
591,FD,Uhem + COSAP,YES,NO,BWA,Strelka,DELETE,s041,00:43:33,2613
592,FD,Uhem + COSAP,YES,NO,BOWTIE,Strelka,DELETE,s054,01:00:39,3639
593,FD,Uhem + COSAP,YES,NO,BWA,SomaticSniper,DELETE,s049,00:54:16,3256
594,FD,Uhem + COSAP,YES,NO,BOWTIE,SomaticSniper,DELETE,s055,01:10:11,4211
595,FD,Uhem + COSAP,YES,NO,BWA,Mutect,MARK,s029,04:16:01,15361
596,FD,Uhem + COSAP,YES,NO,BOWTIE,Mutect,MARK,s025,04:02:41,14561
597,FD,Uhem + COSAP,YES,NO,BWA,Strelka,MARK,s026,00:52:02,3122
598,FD,Uhem + COSAP,YES,NO,BOWTIE,Strelka,MARK,s017,00:56:19,3379
599,FD,Uhem + COSAP,YES,NO,BWA,SomaticSniper,MARK,s027,00:46:51,2811
600,FD,Uhem + COSAP,YES,NO,BOWTIE,SomaticSniper,MARK,s019,01:03:56,3836
601,FD,Uhem + COSAP,NO,YES,BWA,Mutect,DELETE,s036,06:00:24,21624
602,FD,Uhem + COSAP,NO,YES,BOWTIE,Mutect,DELETE,s051,05:59:38,21578
603,FD,Uhem + COSAP,NO,YES,BWA,Strelka,DELETE,s041,01:42:26,6146
604,FD,Uhem + COSAP,NO,YES,BOWTIE,Strelka,DELETE,s054,01:55:10,6910
605,FD,Uhem + COSAP,NO,YES,BWA,SomaticSniper,DELETE,s049,01:54:24,6864
606,FD,Uhem + COSAP,NO,YES,BOWTIE,SomaticSniper,DELETE,s055,02:08:40,7720
607,FD,Uhem + COSAP,NO,YES,BWA,Mutect,MARK,s029,05:49:50,20990
608,FD,Uhem + COSAP,NO,YES,BOWTIE,Mutect,MARK,s025,05:25:47,19547
609,FD,Uhem + COSAP,NO,YES,BWA,Strelka,MARK,s026,01:30:00,5400
610,FD,Uhem + COSAP,NO,YES,BOWTIE,Strelka,MARK,s017,01:42:10,6130
611,FD,Uhem + COSAP,NO,YES,BWA,SomaticSniper,MARK,s027,01:37:12,5832
612,FD,Uhem + COSAP,NO,YES,BOWTIE,SomaticSniper,MARK,s019,01:52:05,6725
613,FD,Uhem + COSAP,NO,NO,BWA,Mutect,DELETE,s036,06:00:31,21631
614,FD,Uhem + COSAP,NO,NO,BOWTIE,Mutect,DELETE,s051,07:07:24,25644
615,FD,Uhem + COSAP,NO,NO,BWA,Strelka,DELETE,s041,00:41:31,2491
616,FD,Uhem + COSAP,NO,NO,BOWTIE,Strelka,DELETE,s054,00:58:02,3482
617,FD,Uhem + COSAP,NO,NO,BWA,SomaticSniper,DELETE,s049,00:51:25,3085
618,FD,Uhem + COSAP,NO,NO,BOWTIE,SomaticSniper,DELETE,s055,01:08:43,4123
619,FD,Uhem + COSAP,NO,NO,BWA,Mutect,MARK,s029,06:01:37,21697
620,FD,Uhem + COSAP,NO,NO,BOWTIE,Mutect,MARK,s025,06:30:27,23427
621,FD,Uhem + COSAP,NO,NO,BWA,Strelka,MARK,s026,00:36:41,2201
622,FD,Uhem + COSAP,NO,NO,BOWTIE,Strelka,MARK,s017,00:53:30,3210
623,FD,Uhem + COSAP,NO,NO,BWA,SomaticSniper,MARK,s027,00:44:25,2665
624,FD,Uhem + COSAP,NO,NO,BOWTIE,SomaticSniper,MARK,s019,01:02:32,3752
625,FD,Altay + COSAP,YES,YES,BWA,Mutect,DELETE,a068,04:13:45,15225
626,FD,Altay + COSAP,YES,YES,BOWTIE,Mutect,DELETE,a058,03:59:38,14378
627,FD,Altay + COSAP,YES,YES,BWA,Strelka,DELETE,a051,01:44:14,6254
628,FD,Altay + COSAP,YES,YES,BOWTIE,Strelka,DELETE,a036,01:53:47,6827
629,FD,Altay + COSAP,YES,YES,BWA,SomaticSniper,DELETE,a057,01:50:21,6621
630,FD,Altay + COSAP,YES,YES,BOWTIE,SomaticSniper,DELETE,a041,02:04:26,7466
631,FD,Altay + COSAP,YES,YES,BWA,Mutect,MARK,a077,04:01:43,14503
632,FD,Altay + COSAP,YES,YES,BOWTIE,Mutect,MARK,a059,03:51:23,13883
633,FD,Altay + COSAP,YES,YES,BWA,Strelka,MARK,a065,01:35:49,5749
634,FD,Altay + COSAP,YES,YES,BOWTIE,Strelka,MARK,a058,01:51:22,6682
635,FD,Altay + COSAP,YES,YES,BWA,SomaticSniper,MARK,a064,01:44:48,6288
636,FD,Altay + COSAP,YES,YES,BOWTIE,SomaticSniper,MARK,a078,01:58:47,7127
637,FD,Altay + COSAP,YES,NO,BWA,Mutect,DELETE,a068,03:53:51,14031
638,FD,Altay + COSAP,YES,NO,BOWTIE,Mutect,DELETE,a058,03:42:20,13340
639,FD,Altay + COSAP,YES,NO,BWA,Strelka,DELETE,a051,00:49:44,2984
640,FD,Altay + COSAP,YES,NO,BOWTIE,Strelka,DELETE,a036,01:00:35,3635
641,FD,Altay + COSAP,YES,NO,BWA,SomaticSniper,DELETE,a057,00:55:41,3341
642,FD,Altay + COSAP,YES,NO,BOWTIE,SomaticSniper,DELETE,a041,01:09:04,4144
643,FD,Altay + COSAP,YES,NO,BWA,Mutect,MARK,a077,04:05:41,14741
644,FD,Altay + COSAP,YES,NO,BOWTIE,Mutect,MARK,a059,03:37:10,13030
645,FD,Altay + COSAP,YES,NO,BWA,Strelka,MARK,a066,00:50:18,3018
646,FD,Altay + COSAP,YES,NO,BOWTIE,Strelka,MARK,a058,00:59:39,3579
647,FD,Altay + COSAP,YES,NO,BWA,SomaticSniper,MARK,a064,00:54:54,3294
648,FD,Altay + COSAP,YES,NO,BOWTIE,SomaticSniper,MARK,a078,01:08:47,4127
649,FD,Altay + COSAP,NO,YES,BWA,Mutect,DELETE,a068,05:30:49,19849
650,FD,Altay + COSAP,NO,YES,BOWTIE,Mutect,DELETE,a058,05:09:53,18593
651,FD,Altay + COSAP,NO,YES,BWA,Strelka,DELETE,a051,01:39:48,5988
652,FD,Altay + COSAP,NO,YES,BOWTIE,Strelka,DELETE,a036,01:46:08,6368
653,FD,Altay + COSAP,NO,YES,BWA,SomaticSniper,DELETE,a057,01:49:27,6567
654,FD,Altay + COSAP,NO,YES,BOWTIE,SomaticSniper,DELETE,a041,01:57:55,7075
655,FD,Altay + COSAP,NO,YES,BWA,Mutect,MARK,a077,05:10:29,18629
656,FD,Altay + COSAP,NO,YES,BOWTIE,Mutect,MARK,a059,04:56:28,17788
657,FD,Altay + COSAP,NO,YES,BWA,Strelka,MARK,a066,01:31:51,5511
658,FD,Altay + COSAP,NO,YES,BOWTIE,Strelka,MARK,a058,01:38:51,5931
659,FD,Altay + COSAP,NO,YES,BWA,SomaticSniper,MARK,a064,01:40:12,6012
660,FD,Altay + COSAP,NO,YES,BOWTIE,SomaticSniper,MARK,a078,01:50:28,6628
661,FD,Altay + COSAP,NO,NO,BWA,Mutect,DELETE,a068,05:28:18,19698
662,FD,Altay + COSAP,NO,NO,BOWTIE,Mutect,DELETE,a058,05:54:00,21240
663,FD,Altay + COSAP,NO,NO,BWA,Strelka,DELETE,a051,00:43:38,2618
664,FD,Altay + COSAP,NO,NO,BOWTIE,Strelka,DELETE,a036,00:52:40,3160
665,FD,Altay + COSAP,NO,NO,BWA,SomaticSniper,DELETE,a057,00:52:26,3146
666,FD,Altay + COSAP,NO,NO,BOWTIE,SomaticSniper,DELETE,a041,01:02:29,3749
667,FD,Altay + COSAP,NO,NO,BWA,Mutect,MARK,a077,05:35:14,20114
668,FD,Altay + COSAP,NO,NO,BOWTIE,Mutect,MARK,a059,05:51:49,21109
669,FD,Altay + COSAP,NO,NO,BWA,Strelka,MARK,a066,00:43:14,2594
670,FD,Altay + COSAP,NO,NO,BOWTIE,Strelka,MARK,a058,00:52:28,3148
671,FD,Altay + COSAP,NO,NO,BWA,SomaticSniper,MARK,a064,00:51:14,3074
672,FD,Altay + COSAP,NO,NO,BOWTIE,SomaticSniper,MARK,a078,01:00:45,3645
721,NC,Altay + COSAP,YES,YES,BWA,Mutect,DELETE,a086,07:11:00,25860
722,NC,Altay + COSAP,YES,YES,BOWTIE,Mutect,DELETE,a060,06:51:03,24663
723,NC,Altay + COSAP,YES,YES,BWA,Strelka,DELETE,a087,02:32:33,9153
724,NC,Altay + COSAP,YES,YES,BOWTIE,Strelka,DELETE,a053,02:44:57,9897
725,NC,Altay + COSAP,YES,YES,BWA,SomaticSniper,DELETE,a059,02:45:43,9943
726,NC,Altay + COSAP,YES,YES,BOWTIE,SomaticSniper,DELETE,a054,03:03:32,11012
727,NC,Altay + COSAP,YES,YES,BWA,Mutect,MARK,a068,07:17:00,26220
728,NC,Altay + COSAP,YES,YES,BOWTIE,Mutect,MARK,a061,06:39:42,23982
729,NC,Altay + COSAP,YES,YES,BWA,Strelka,MARK,a075,2:29:03,8943
730,NC,Altay + COSAP,YES,YES,BOWTIE,Strelka,MARK,a063,02:51:06,10266
731,NC,Altay + COSAP,YES,YES,BWA,SomaticSniper,MARK,a071,02:46:53,10013
732,NC,Altay + COSAP,YES,YES,BOWTIE,SomaticSniper,MARK,a060,03:06:45,11205
733,NC,Altay + COSAP,YES,NO,BWA,Mutect,DELETE,a086,06:09:46,22186
734,NC,Altay + COSAP,YES,NO,BOWTIE,Mutect,DELETE,a060,05:45:18,20718
735,NC,Altay + COSAP,YES,NO,BWA,Strelka,DELETE,a087,01:19:43,4783
736,NC,Altay + COSAP,YES,NO,BOWTIE,Strelka,DELETE,a053,01:25:48,5148
737,NC,Altay + COSAP,YES,NO,BWA,SomaticSniper,DELETE,a059,01:26:04,5164
738,NC,Altay + COSAP,YES,NO,BOWTIE,SomaticSniper,DELETE,a054,01:42:53,6173
739,NC,Altay + COSAP,YES,NO,BWA,Mutect,MARK,a068,06:09:31,22171
740,NC,Altay + COSAP,YES,NO,BOWTIE,Mutect,MARK,a061,05:40:05,20405
741,NC,Altay + COSAP,YES,NO,BWA,Strelka,MARK,a075,01:11:56,4316
742,NC,Altay + COSAP,YES,NO,BOWTIE,Strelka,MARK,a063,01:27:17,5237
743,NC,Altay + COSAP,YES,NO,BWA,SomaticSniper,MARK,a071,01:24:38,5078
744,NC,Altay + COSAP,YES,NO,BOWTIE,SomaticSniper,MARK,a060,01:42:03,6123
745,NC,Altay + COSAP,NO,YES,BWA,Mutect,DELETE,a086,08:39:23,31163
746,NC,Altay + COSAP,NO,YES,BOWTIE,Mutect,DELETE,a060,09:10:56,33056
747,NC,Altay + COSAP,NO,YES,BWA,Strelka,DELETE,a087,02:20:41,8441
748,NC,Altay + COSAP,NO,YES,BOWTIE,Strelka,DELETE,a053,02:41:08,9668
749,NC,Altay + COSAP,NO,YES,BWA,SomaticSniper,DELETE,a059,02:39:37,9577
750,NC,Altay + COSAP,NO,YES,BOWTIE,SomaticSniper,DELETE,a054,02:58:37,10717
751,NC,Altay + COSAP,NO,YES,BWA,Mutect,MARK,a068,08:36:11,30971
752,NC,Altay + COSAP,NO,YES,BOWTIE,Mutect,MARK,a061,09:13:28,33208
753,NC,Altay + COSAP,NO,YES,BWA,Strelka,MARK,a075,02:22:46,8566
754,NC,Altay + COSAP,NO,YES,BOWTIE,Strelka,MARK,a063,02:38:08,9488
755,NC,Altay + COSAP,NO,YES,BWA,SomaticSniper,MARK,a071,02:40:21,9621
756,NC,Altay + COSAP,NO,YES,BOWTIE,SomaticSniper,MARK,a060,03:00:33,10833
757,NC,Altay + COSAP,NO,NO,BWA,Mutect,DELETE,a086,07:54:05,28445
758,NC,Altay + COSAP,NO,NO,BOWTIE,Mutect,DELETE,a060,10:09:45,36585
759,NC,Altay + COSAP,NO,NO,BWA,Strelka,DELETE,a087,00:59:28,3568
760,NC,Altay + COSAP,NO,NO,BOWTIE,Strelka,DELETE,a053,01:17:29,4649
761,NC,Altay + COSAP,NO,NO,BWA,SomaticSniper,DELETE,a059,01:15:04,4504
762,NC,Altay + COSAP,NO,NO,BOWTIE,SomaticSniper,DELETE,a054,01:32:44,5564
763,NC,Altay + COSAP,NO,NO,BWA,Mutect,MARK,a068,07:56:19,28579
764,NC,Altay + COSAP,NO,NO,BOWTIE,Mutect,MARK,a061,10:25:30,37530
765,NC,Altay + COSAP,NO,NO,BWA,Strelka,MARK,a075,00:59:51,3591
766,NC,Altay + COSAP,NO,NO,BOWTIE,Strelka,MARK,a063,01:20:07,4807
767,NC,Altay + COSAP,NO,NO,BWA,SomaticSniper,MARK,a071,01:16:12,4572
768,NC,Altay + COSAP,NO,NO,BOWTIE,SomaticSniper,MARK,a060,01:32:35,5555
769,IL,Uhem + COSAP,YES,YES,BWA,Mutect,MARK,s030,9:01:44,32504
770,IL,Uhem + COSAP,NO,NO,BWA,Mutect,MARK,s030,10:59:36,39576
771,IL,Uhem + COSAP,YES,NO,BWA,Mutect,MARK,s030,9:19:48,33588
772,IL,Uhem + COSAP,NO,YES,BWA,Mutect,MARK,s030,10:59:37,39577
773,IL,Uhem + COSAP,YES,YES,BOWTIE,Mutect,MARK,s031,8:58:46,32326
774,IL,Uhem + COSAP,NO,NO,BOWTIE,Mutect,MARK,s031,12:43:08,45788
775,IL,Uhem + COSAP,YES,NO,BOWTIE,Mutect,MARK,s031,8:28:59,30539
776,IL,Uhem + COSAP,NO,YES,BOWTIE,Mutect,MARK,s031,11:16:33,40593
777,IL,Uhem + COSAP,YES,YES,BWA,Strelka,MARK,s003,3:37:58,13078
778,IL,Uhem + COSAP,NO,NO,BWA,Strelka,MARK,s003,1:49:17,6557
779,IL,Uhem + COSAP,YES,NO,BWA,Strelka,MARK,s003,2:09:07,7747
780,IL,Uhem + COSAP,NO,YES,BWA,Strelka,MARK,s003,3:28:17,12497
781,IL,Uhem + COSAP,YES,YES,BOWTIE,Strelka,MARK,s009,4:34:27,16467
782,IL,Uhem + COSAP,NO,NO,BOWTIE,Strelka,MARK,s009,2:38:48,9528
783,IL,Uhem + COSAP,YES,NO,BOWTIE,Strelka,MARK,s009,2:52:57,10377
784,IL,Uhem + COSAP,NO,YES,BOWTIE,Strelka,MARK,s009,4:22:49,15769
785,IL,Uhem + COSAP,YES,YES,BWA,SomaticSniper,MARK,s029,4:05:06,14706
786,IL,Uhem + COSAP,NO,NO,BWA,SomaticSniper,MARK,s029,2:05:52,7552
787,IL,Uhem + COSAP,YES,NO,BWA,SomaticSniper,MARK,s029,2:20:43,8443
788,IL,Uhem + COSAP,NO,YES,BWA,SomaticSniper,MARK,s029,3:53:20,14000
789,IL,Uhem + COSAP,YES,YES,BOWTIE,SomaticSniper,MARK,s033,4:58:44,17924
790,IL,Uhem + COSAP,NO,NO,BOWTIE,SomaticSniper,MARK,s033,2:59:47,10787
791,IL,Uhem + COSAP,YES,NO,BOWTIE,SomaticSniper,MARK,s033,3:13:43,11623
792,IL,Uhem + COSAP,NO,YES,BOWTIE,SomaticSniper,MARK,s033,4:48:21,17301
793,IL,Uhem + COSAP,YES,YES,BWA,Mutect,DELETE,s035,9:33:31,34411
794,IL,Uhem + COSAP,NO,NO,BWA,Mutect,DELETE,s006,9:15:02,33302
795,IL,Uhem + COSAP,YES,NO,BWA,Mutect,DELETE,s019,8:39:15,31155
796,IL,Uhem + COSAP,NO,YES,BWA,Mutect,DELETE,s006,9:47:24,35244
797,IL,Uhem + COSAP,YES,YES,BOWTIE,Mutect,DELETE,s011,9:46:54,35214
798,IL,Uhem + COSAP,NO,NO,BOWTIE,Mutect,DELETE,s011,13:03:41,47021
799,IL,Uhem + COSAP,YES,NO,BOWTIE,Mutect,DELETE,s011,8:48:24,31704
800,IL,Uhem + COSAP,NO,YES,BOWTIE,Mutect,DELETE,s011,11:56:32,42992
801,IL,Uhem + COSAP,YES,YES,BWA,Strelka,DELETE,s039,4:15:49,15349
802,IL,Uhem + COSAP,NO,NO,BWA,Strelka,DELETE,s039,1:56:29,6989
803,IL,Uhem + COSAP,YES,NO,BWA,Strelka,DELETE,s026,2:09:22,7762
804,IL,Uhem + COSAP,NO,YES,BWA,Strelka,DELETE,s039,4:06:24,14784
805,IL,Uhem + COSAP,YES,YES,BOWTIE,Strelka,DELETE,s013,5:12:46,18766
806,IL,Uhem + COSAP,NO,NO,BOWTIE,Strelka,DELETE,s013,2:51:42,10302
807,IL,Uhem + COSAP,YES,NO,BOWTIE,Strelka,DELETE,s013,3:02:37,10957
808,IL,Uhem + COSAP,NO,YES,BOWTIE,Strelka,DELETE,s013,5:05:12,18312
809,IL,Uhem + COSAP,YES,YES,BWA,SomaticSniper,DELETE,s040,4:45:31,17131
810,IL,Uhem + COSAP,NO,NO,BWA,SomaticSniper,DELETE,s040,2:19:54,8394
811,IL,Uhem + COSAP,YES,NO,BWA,SomaticSniper,DELETE,s018,2:34:26,9266
812,IL,Uhem + COSAP,NO,YES,BWA,SomaticSniper,DELETE,s018,2:12:30,7950
813,IL,Uhem + COSAP,YES,YES,BOWTIE,SomaticSniper,DELETE,s014,5:42:30,20550
814,IL,Uhem + COSAP,NO,NO,BOWTIE,SomaticSniper,DELETE,s014,3:15:28,11728
815,IL,Uhem + COSAP,YES,NO,BOWTIE,SomaticSniper,DELETE,s014,3:27:29,12449
816,IL,Uhem + COSAP,NO,YES,BOWTIE,SomaticSniper,DELETE,s014,5:34:10,20050
817,IL,Altay + COSAP,YES,YES,BWA,Mutect,MARK,a074,8:12:31,29551
818,IL,Altay + COSAP,NO,NO,BWA,Mutect,MARK,a074,7:52:47,28367
819,IL,Altay + COSAP,YES,NO,BWA,Mutect,MARK,a074,7:26:13,26773
820,IL,Altay + COSAP,NO,YES,BWA,Mutect,MARK,a074,8:25:08,30308
821,IL,Altay + COSAP,YES,YES,BOWTIE,Mutect,MARK,a075,8:22:42,30162
822,IL,Altay + COSAP,NO,NO,BOWTIE,Mutect,MARK,a075,11:31:14,41474
823,IL,Altay + COSAP,YES,NO,BOWTIE,Mutect,MARK,a075,7:46:30,27990
824,IL,Altay + COSAP,NO,YES,BOWTIE,Mutect,MARK,a075,10:11:36,36696
825,IL,Altay + COSAP,YES,YES,BWA,Strelka,MARK,a047,3:44:17,13457
826,IL,Altay + COSAP,NO,NO,BWA,Strelka,MARK,a047,2:11:31,7891
827,IL,Altay + COSAP,YES,NO,BWA,Strelka,MARK,a047,2:33:36,9216
828,IL,Altay + COSAP,NO,YES,BWA,Strelka,MARK,a047,3:47:20,13640
829,IL,Altay + COSAP,YES,YES,BOWTIE,Strelka,MARK,a046,4:23:48,15828
830,IL,Altay + COSAP,NO,NO,BOWTIE,Strelka,MARK,a046,2:48:54,10134
831,IL,Altay + COSAP,YES,NO,BOWTIE,Strelka,MARK,a046,3:12:52,11572
832,IL,Altay + COSAP,NO,YES,BOWTIE,Strelka,MARK,a046,4:32:47,16367
833,IL,Altay + COSAP,YES,YES,BWA,SomaticSniper,MARK,a068,4:36:16,16576
834,IL,Altay + COSAP,NO,NO,BWA,SomaticSniper,MARK,a068,2:34:58,9298
835,IL,Altay + COSAP,YES,NO,BWA,SomaticSniper,MARK,a068,2:48:48,10128
836,IL,Altay + COSAP,NO,YES,BWA,SomaticSniper,MARK,a068,4:14:56,15296
837,IL,Altay + COSAP,YES,YES,BOWTIE,SomaticSniper,MARK,a044,5:19:05,19145
838,IL,Altay + COSAP,NO,NO,BOWTIE,SomaticSniper,MARK,a044,3:12:13,11533
839,IL,Altay + COSAP,YES,NO,BOWTIE,SomaticSniper,MARK,a044,3:30:36,12636
840,IL,Altay + COSAP,NO,YES,BOWTIE,SomaticSniper,MARK,a044,4:58:51,17931
841,IL,Altay + COSAP,YES,YES,BWA,Mutect,DELETE,a042,8:51:55,31915
842,IL,Altay + COSAP,NO,NO,BWA,Mutect,DELETE,a042,8:23:48,30228
843,IL,Altay + COSAP,YES,NO,BWA,Mutect,DELETE,a042,7:52:17,28337
844,IL,Altay + COSAP,NO,YES,BWA,Mutect,DELETE,a042,9:09:52,32992
845,IL,Altay + COSAP,YES,YES,BOWTIE,Mutect,DELETE,a045,9:22:51,33771
846,IL,Altay + COSAP,NO,NO,BOWTIE,Mutect,DELETE,a045,11:56:24,42984
847,IL,Altay + COSAP,YES,NO,BOWTIE,Mutect,DELETE,a045,7:54:23,28463
848,IL,Altay + COSAP,NO,YES,BOWTIE,Mutect,DELETE,a045,11:11:46,40306
849,IL,Altay + COSAP,YES,YES,BWA,Strelka,DELETE,a043,4:58:00,17880
850,IL,Altay + COSAP,NO,NO,BWA,Strelka,DELETE,a043,2:24:24,8664
851,IL,Altay + COSAP,YES,NO,BWA,Strelka,DELETE,a043,2:44:19,9859
852,IL,Altay + COSAP,NO,YES,BWA,Strelka,DELETE,a043,4:34:06,16446
853,IL,Altay + COSAP,YES,YES,BOWTIE,Strelka,DELETE,a073,5:34:47,20087
854,IL,Altay + COSAP,NO,NO,BOWTIE,Strelka,DELETE,a073,2:57:10,10630
855,IL,Altay + COSAP,YES,NO,BOWTIE,Strelka,DELETE,a073,3:19:24,11964
856,IL,Altay + COSAP,NO,YES,BOWTIE,Strelka,DELETE,a073,5:11:43,18703
857,IL,Altay + COSAP,YES,YES,BWA,SomaticSniper,DELETE,a044,5:17:33,19053
858,IL,Altay + COSAP,NO,NO,BWA,SomaticSniper,DELETE,a044,2:46:53,10013
859,IL,Altay + COSAP,YES,NO,BWA,SomaticSniper,DELETE,a044,3:06:09,11169
860,IL,Altay + COSAP,NO,YES,BWA,SomaticSniper,DELETE,a044,5:11:14,18674
861,IL,Altay + COSAP,YES,YES,BOWTIE,SomaticSniper,DELETE,a046,6:07:54,22074
862,IL,Altay + COSAP,NO,NO,BOWTIE,SomaticSniper,DELETE,a046,3:23:52,12232
863,IL,Altay + COSAP,YES,NO,BOWTIE,SomaticSniper,DELETE,a046,3:56:29,14189
864,IL,Altay + COSAP,NO,YES,BOWTIE,SomaticSniper,DELETE,a046,5:40:36,20436
