run,Sample,Environment,isTrimmed,baseRecalibration,Mapper,VariantCaller,Duplicates,Inter/Union,Precision,Recall,f1_score
2,EA,Altay + COSAP,YES,YES,BWA,Mutect,MARK,0.7474747474747475,0.8215701823949246,0.892334194659776,0.8554913294797688
8,EA,Altay + COSAP,NO,NO,BWA,Mutect,MARK,0.745702005730659,0.8158307210031348,0.896640826873385,0.8543290931473123
14,EA,Altay + COSAP,YES,NO,BWA,Mutect,MARK,0.7330508474576272,0.802784222737819,0.8940568475452196,0.8459657701711492
20,EA,Altay + COSAP,NO,YES,BWA,Mutect,MARK,0.763235294117647,0.8391269199676638,0.8940568475452196,0.865721434528774
26,EA,Altay + COSAP,YES,YES,BOWTIE,Mutect,MARK,0.8147249190938511,0.9306839186691312,0.8673557278208441,0.8979045920641997
32,EA,Altay + COSAP,NO,NO,BOWTIE,Mutect,MARK,0.7939538583929993,0.9122486288848263,0.859603789836348,0.8851441241685145
38,EA,Altay + COSAP,YES,NO,BOWTIE,Mutect,MARK,0.7965299684542587,0.9042076991942704,0.8699397071490095,0.8867427568042142
44,EA,Altay + COSAP,NO,YES,BOWTIE,Mutect,MARK,0.8032258064516129,0.9265116279069767,0.8578811369509044,0.89087656529517
50,EA,Altay + COSAP,YES,YES,BWA,Strelka,MARK,0.5303482587064676,0.5566579634464752,0.9181739879414298,0.693107932379714
56,EA,Altay + COSAP,NO,NO,BWA,Strelka,MARK,0.4561778537836682,0.4752783964365256,0.9190353143841516,0.6265413975337639
62,EA,Altay + COSAP,YES,NO,BWA,Strelka,MARK,0.43783340172343044,0.45539906103286387,0.9190353143841516,0.6090182648401826
68,EA,Altay + COSAP,NO,YES,BWA,Strelka,MARK,0.5590551181102362,0.5887230514096186,0.917312661498708,0.7171717171717172
74,EA,Altay + COSAP,YES,YES,BOWTIE,Strelka,MARK,0.6565798733286418,0.7820620284995808,0.8036175710594315,0.7926932880203906
80,EA,Altay + COSAP,NO,NO,BOWTIE,Strelka,MARK,0.6489208633093525,0.7975243147656941,0.7769164513350559,0.787085514834206
86,EA,Altay + COSAP,YES,NO,BOWTIE,Strelka,MARK,0.6410432395332876,0.759349593495935,0.8044788975021533,0.781263069845253
92,EA,Altay + COSAP,NO,YES,BOWTIE,Strelka,MARK,0.6736370425690814,0.8351851851851851,0.7769164513350559,0.8049977688531905
98,EA,Altay + COSAP,YES,YES,BWA,SomaticSniper,MARK,0.4717698154180239,0.5606451612903226,0.7484926787252368,0.6410918480265584
104,EA,Altay + COSAP,NO,NO,BWA,SomaticSniper,MARK,0.48083242059145676,0.5690213869086196,0.756244616709733,0.6494082840236687
110,EA,Altay + COSAP,YES,NO,BWA,SomaticSniper,MARK,0.4701810436634718,0.551875,0.7605512489233419,0.6396233248822891
116,EA,Altay + COSAP,NO,YES,BWA,SomaticSniper,MARK,0.48227349465391106,0.581805838424983,0.7381567614125754,0.6507213363705391
122,EA,Altay + COSAP,YES,YES,BOWTIE,SomaticSniper,MARK,0.5214881334188582,0.671345995045417,0.7002583979328165,0.6854974704890389
128,EA,Altay + COSAP,NO,NO,BOWTIE,SomaticSniper,MARK,0.33171408743927827,0.6306068601583114,0.4117140396210164,0.4981761334028141
134,EA,Altay + COSAP,YES,NO,BOWTIE,SomaticSniper,MARK,0.4886693782684486,0.6002855103497502,0.7243755383290267,0.6565183450429353
140,EA,Altay + COSAP,NO,YES,BOWTIE,SomaticSniper,MARK,0.35236664162284,0.7339593114241002,0.40396210163652024,0.5211111111111112
147,LL,Uhem + COSAP,YES,YES,BWA,Mutect,MARK,0.7183441558441559,0.9257322175732218,0.7622739018087855,0.8360888049126122
148,EA,Uhem + COSAP,YES,YES,BWA,Mutect,MARK,0.7474747474747475,0.8215701823949246,0.892334194659776,0.8554913294797688
149,LL,Altay + COSAP,YES,YES,BWA,Mutect,MARK,0.7183441558441559,0.9257322175732218,0.7622739018087855,0.8360888049126122
150,NC,Uhem + COSAP,YES,YES,BWA,Mutect,MARK,0.7813953488372093,0.8865435356200527,0.8682170542635659,0.8772845953002611
153,LL,Uhem + COSAP,NO,NO,BWA,Mutect,MARK,0.6496722505462491,0.8079710144927537,0.768303186907838,0.7876379690949227
154,EA,Uhem + COSAP,NO,NO,BWA,Mutect,MARK,0.745702005730659,0.8158307210031348,0.896640826873385,0.8543290931473123
155,LL,Altay + COSAP,NO,NO,BWA,Mutect,MARK,0.6496722505462491,0.8079710144927537,0.768303186907838,0.7876379690949227
156,NC,Uhem + COSAP,NO,NO,BWA,Mutect,MARK,0.7835531419705197,0.8875219683655536,0.8699397071490095,0.8786428882122662
159,LL,Uhem + COSAP,YES,NO,BWA,Mutect,MARK,0.7120967741935483,0.9178794178794178,0.7605512489233419,0.8318417333961375
160,EA,Uhem + COSAP,YES,NO,BWA,Mutect,MARK,0.7330508474576272,0.802784222737819,0.8940568475452196,0.8459657701711492
161,LL,Altay + COSAP,YES,NO,BWA,Mutect,MARK,0.7120967741935483,0.9178794178794178,0.7605512489233419,0.8318417333961375
162,NC,Uhem + COSAP,YES,NO,BWA,Mutect,MARK,0.7857142857142857,0.8884986830553117,0.8716623600344531,0.88
165,LL,Uhem + COSAP,NO,YES,BWA,Mutect,MARK,0.6812933025404158,0.8651026392961877,0.7622739018087855,0.8104395604395604
166,EA,Uhem + COSAP,NO,YES,BWA,Mutect,MARK,0.763235294117647,0.8391269199676638,0.8940568475452196,0.865721434528774
167,LL,Altay + COSAP,NO,YES,BWA,Mutect,MARK,0.6812933025404158,0.8651026392961877,0.7622739018087855,0.8104395604395604
168,NC,Uhem + COSAP,NO,YES,BWA,Mutect,MARK,0.7822706065318819,0.8894783377541998,0.8664944013781223,0.8778359511343804
171,LL,Uhem + COSAP,YES,YES,BOWTIE,Mutect,MARK,0.6996805111821086,0.905894519131334,0.7545219638242894,0.8233082706766917
172,EA,Uhem + COSAP,YES,YES,BOWTIE,Mutect,MARK,0.8147249190938511,0.9306839186691312,0.8673557278208441,0.8979045920641997
173,LL,Altay + COSAP,YES,YES,BOWTIE,Mutect,MARK,0.6996805111821086,0.905894519131334,0.7545219638242894,0.8233082706766917
174,NC,Uhem + COSAP,YES,YES,BOWTIE,Mutect,MARK,0.7870296236989591,0.9178338001867413,0.8466838931955211,0.8808243727598567
177,LL,Uhem + COSAP,NO,NO,BOWTIE,Mutect,MARK,0.623951182303585,0.8450413223140496,0.7045650301464255,0.7684358853922029
178,EA,Uhem + COSAP,NO,NO,BOWTIE,Mutect,MARK,0.7939538583929993,0.9122486288848263,0.859603789836348,0.8851441241685145
179,LL,Altay + COSAP,NO,NO,BOWTIE,Mutect,MARK,0.623951182303585,0.8450413223140496,0.7045650301464255,0.7684358853922029
180,NC,Uhem + COSAP,NO,NO,BOWTIE,Mutect,MARK,0.764937106918239,0.8976014760147601,0.8380706287683032,0.8668151447661471
183,LL,Uhem + COSAP,YES,NO,BOWTIE,Mutect,MARK,0.7052545155993432,0.9377729257641921,0.739879414298019,0.8271545498314878
184,EA,Uhem + COSAP,YES,NO,BOWTIE,Mutect,MARK,0.7965299684542587,0.9042076991942704,0.8699397071490095,0.8867427568042142
185,LL,Altay + COSAP,YES,NO,BOWTIE,Mutect,MARK,0.7052545155993432,0.9377729257641921,0.739879414298019,0.8271545498314878
186,NC,Uhem + COSAP,YES,NO,BOWTIE,Mutect,MARK,0.781225139220366,0.9109461966604824,0.8458225667527993,0.8771773112996875
189,LL,Uhem + COSAP,NO,YES,BOWTIE,Mutect,MARK,0.6540627514078842,0.9083798882681564,0.7002583979328165,0.7908560311284046
190,EA,Uhem + COSAP,NO,YES,BOWTIE,Mutect,MARK,0.8032258064516129,0.9265116279069767,0.8578811369509044,0.89087656529517
191,LL,Altay + COSAP,NO,YES,BOWTIE,Mutect,MARK,0.6540627514078842,0.9083798882681564,0.7002583979328165,0.7908560311284046
192,NC,Uhem + COSAP,NO,YES,BOWTIE,Mutect,MARK,0.7637362637362637,0.8959484346224678,0.8380706287683032,0.8660436137071651
195,LL,Uhem + COSAP,YES,YES,BWA,Strelka,MARK,0.43675982946470865,0.49252136752136755,0.7941429801894918,0.6079788987800858
196,EA,Uhem + COSAP,YES,YES,BWA,Strelka,MARK,0.5303482587064676,0.5566579634464752,0.9181739879414298,0.693107932379714
197,LL,Altay + COSAP,YES,YES,BWA,Strelka,MARK,0.43675982946470865,0.49252136752136755,0.7941429801894918,0.6079788987800858
198,NC,Uhem + COSAP,YES,YES,BWA,Strelka,MARK,0.5301327885597549,0.5656675749318801,0.8940568475452196,0.6929238985313753
201,LL,Uhem + COSAP,NO,NO,BWA,Strelka,MARK,0.40375381929288523,0.45012165450121655,0.7967269595176572,0.5752487562189055
202,EA,Uhem + COSAP,NO,NO,BWA,Strelka,MARK,0.4561778537836682,0.4752783964365256,0.9190353143841516,0.6265413975337639
203,LL,Altay + COSAP,NO,NO,BWA,Strelka,MARK,0.40375381929288523,0.45012165450121655,0.7967269595176572,0.5752487562189055
204,NC,Uhem + COSAP,NO,NO,BWA,Strelka,MARK,0.49430740037950666,0.5238813474107592,0.8975021533161068,0.6615873015873016
207,LL,Uhem + COSAP,YES,NO,BWA,Strelka,MARK,0.3928722952906237,0.4363807728557964,0.797588285960379,0.5641181845872678
208,EA,Uhem + COSAP,YES,NO,BWA,Strelka,MARK,0.43783340172343044,0.45539906103286387,0.9190353143841516,0.6090182648401826
209,LL,Altay + COSAP,YES,NO,BWA,Strelka,MARK,0.3928722952906237,0.4363807728557964,0.797588285960379,0.5641181845872678
210,NC,Uhem + COSAP,YES,NO,BWA,Strelka,MARK,0.48177203507152744,0.5092682926829268,0.8992248062015504,0.650264715042043
213,LL,Uhem + COSAP,NO,YES,BWA,Strelka,MARK,0.4491484184914842,0.5079801871216291,0.7950043066322137,0.6198791134989927
214,EA,Uhem + COSAP,NO,YES,BWA,Strelka,MARK,0.5590551181102362,0.5887230514096186,0.917312661498708,0.7171717171717172
215,LL,Altay + COSAP,NO,YES,BWA,Strelka,MARK,0.4491484184914842,0.5079801871216291,0.7950043066322137,0.6198791134989927
216,NC,Uhem + COSAP,NO,YES,BWA,Strelka,MARK,0.5504782146652497,0.5896414342629482,0.892334194659776,0.7100753941055518
219,LL,Uhem + COSAP,YES,YES,BOWTIE,Strelka,MARK,0.5477453580901857,0.7041773231031543,0.7114556416881999,0.7077977720651243
220,EA,Uhem + COSAP,YES,YES,BOWTIE,Strelka,MARK,0.6565798733286418,0.7820620284995808,0.8036175710594315,0.7926932880203906
221,LL,Altay + COSAP,YES,YES,BOWTIE,Strelka,MARK,0.5477453580901857,0.7041773231031543,0.7114556416881999,0.7077977720651243
222,NC,Uhem + COSAP,YES,YES,BOWTIE,Strelka,MARK,0.6690442225392297,0.7955894826123834,0.8079242032730405,0.8017094017094016
225,LL,Uhem + COSAP,NO,NO,BOWTIE,Strelka,MARK,0.5147164393395549,0.7555321390937829,0.6175710594315246,0.6796208530805687
226,EA,Uhem + COSAP,NO,NO,BOWTIE,Strelka,MARK,0.6489208633093525,0.7975243147656941,0.7769164513350559,0.787085514834206
227,LL,Altay + COSAP,NO,NO,BOWTIE,Strelka,MARK,0.5147164393395549,0.7555321390937829,0.6175710594315246,0.6796208530805687
228,NC,Uhem + COSAP,NO,NO,BOWTIE,Strelka,MARK,0.672082717872969,0.8250226654578422,0.7838070628768303,0.8038869257950529
231,LL,Uhem + COSAP,YES,NO,BOWTIE,Strelka,MARK,0.5057821059038344,0.6329017517136329,0.7157622739018088,0.67178658043654
232,EA,Uhem + COSAP,YES,NO,BOWTIE,Strelka,MARK,0.6410432395332876,0.759349593495935,0.8044788975021533,0.781263069845253
233,LL,Altay + COSAP,YES,NO,BOWTIE,Strelka,MARK,0.5057821059038344,0.6329017517136329,0.7157622739018088,0.67178658043654
234,NC,Uhem + COSAP,YES,NO,BOWTIE,Strelka,MARK,0.6573426573426573,0.7775020678246485,0.8096468561584841,0.7932489451476793
237,LL,Uhem + COSAP,NO,YES,BOWTIE,Strelka,MARK,0.5532245532245532,0.8496420047732697,0.6132644272179156,0.7123561780890446
238,EA,Uhem + COSAP,NO,YES,BOWTIE,Strelka,MARK,0.6736370425690814,0.8351851851851851,0.7769164513350559,0.8049977688531905
239,LL,Altay + COSAP,NO,YES,BOWTIE,Strelka,MARK,0.5532245532245532,0.8496420047732697,0.6132644272179156,0.7123561780890446
240,NC,Uhem + COSAP,NO,YES,BOWTIE,Strelka,MARK,0.7021604938271605,0.8708133971291866,0.7838070628768303,0.8250226654578423
243,LL,Uhem + COSAP,YES,YES,BWA,SomaticSniper,MARK,0.3345209817893903,0.38235294117647056,0.7278208440999139,0.5013349154553545
244,EA,Uhem + COSAP,YES,YES,BWA,SomaticSniper,MARK,0.4717698154180239,0.5606451612903226,0.7484926787252368,0.6410918480265584
245,LL,Altay + COSAP,YES,YES,BWA,SomaticSniper,MARK,0.3345209817893903,0.38235294117647056,0.7278208440999139,0.5013349154553545
246,NC,Uhem + COSAP,YES,YES,BWA,SomaticSniper,MARK,0.5002820078962211,0.5917278185456971,0.7639965546942291,0.6669172932330827
249,LL,Uhem + COSAP,NO,NO,BWA,SomaticSniper,MARK,0.29200819672131145,0.32608695652173914,0.7364341085271318,0.45202220459952414
250,EA,Uhem + COSAP,NO,NO,BWA,SomaticSniper,MARK,0.48083242059145676,0.5690213869086196,0.756244616709733,0.6494082840236687
251,LL,Altay + COSAP,NO,NO,BWA,SomaticSniper,MARK,0.29200819672131145,0.32608695652173914,0.7364341085271318,0.45202220459952414
252,NC,Uhem + COSAP,NO,NO,BWA,SomaticSniper,MARK,0.5030881527231892,0.5910290237467019,0.7717484926787253,0.6694060515502428
255,LL,Uhem + COSAP,YES,NO,BWA,SomaticSniper,MARK,0.28344895936570863,0.31497797356828194,0.7390180878552972,0.44169884169884166
256,EA,Uhem + COSAP,YES,NO,BWA,SomaticSniper,MARK,0.4701810436634718,0.551875,0.7605512489233419,0.6396233248822891
257,LL,Altay + COSAP,YES,NO,BWA,SomaticSniper,MARK,0.28344895936570863,0.31497797356828194,0.7390180878552972,0.44169884169884166
258,NC,Uhem + COSAP,YES,NO,BWA,SomaticSniper,MARK,0.49123767798466594,0.5742637644046095,0.772609819121447,0.6588321704002938
261,LL,Uhem + COSAP,NO,YES,BWA,SomaticSniper,MARK,0.3391059202577527,0.38909426987060997,0.7252368647717485,0.5064661654135337
262,EA,Uhem + COSAP,NO,YES,BWA,SomaticSniper,MARK,0.48227349465391106,0.581805838424983,0.7381567614125754,0.6507213363705391
263,LL,Altay + COSAP,NO,YES,BWA,SomaticSniper,MARK,0.3391059202577527,0.38909426987060997,0.7252368647717485,0.5064661654135337
264,NC,Uhem + COSAP,NO,YES,BWA,SomaticSniper,MARK,0.5135916714864083,0.6098901098901099,0.7648578811369509,0.6786396637371036
267,LL,Uhem + COSAP,YES,YES,BOWTIE,SomaticSniper,MARK,0.3669638667292351,0.4463470319634703,0.673557278208441,0.5369035358736698
268,EA,Uhem + COSAP,YES,YES,BOWTIE,SomaticSniper,MARK,0.5214881334188582,0.671345995045417,0.7002583979328165,0.6854974704890389
269,LL,Altay + COSAP,YES,YES,BOWTIE,SomaticSniper,MARK,0.3669638667292351,0.4463470319634703,0.673557278208441,0.5369035358736698
270,NC,Uhem + COSAP,YES,YES,BOWTIE,SomaticSniper,MARK,0.5311704834605598,0.6701444622792937,0.719207579672696,0.6938097216452015
273,LL,Uhem + COSAP,NO,NO,BOWTIE,SomaticSniper,MARK,0.07556270096463022,0.16666666666666666,0.12144702842377261,0.14050822122571002
274,EA,Uhem + COSAP,NO,NO,BOWTIE,SomaticSniper,MARK,0.33171408743927827,0.6306068601583114,0.4117140396210164,0.4981761334028141
275,LL,Altay + COSAP,NO,NO,BOWTIE,SomaticSniper,MARK,0.07556270096463022,0.16666666666666666,0.12144702842377261,0.14050822122571002
276,NC,Uhem + COSAP,NO,NO,BOWTIE,SomaticSniper,MARK,0.33516106922549693,0.6213468869123253,0.42118863049095606,0.5020533880903492
279,LL,Uhem + COSAP,YES,NO,BOWTIE,SomaticSniper,MARK,0.29145546705286024,0.3345802161263508,0.6933677863910422,0.45135968601065324
280,EA,Uhem + COSAP,YES,NO,BOWTIE,SomaticSniper,MARK,0.4886693782684486,0.6002855103497502,0.7243755383290267,0.6565183450429353
281,LL,Altay + COSAP,YES,NO,BOWTIE,SomaticSniper,MARK,0.29145546705286024,0.3345802161263508,0.6933677863910422,0.45135968601065324
282,NC,Uhem + COSAP,YES,NO,BOWTIE,SomaticSniper,MARK,0.5041617122473246,0.6194302410518627,0.7304048234280792,0.6703557312252965
285,LL,Uhem + COSAP,NO,YES,BOWTIE,SomaticSniper,MARK,0.08634920634920636,0.24727272727272728,0.11714039621016366,0.15897136177673876
286,EA,Uhem + COSAP,NO,YES,BOWTIE,SomaticSniper,MARK,0.35236664162284,0.7339593114241002,0.40396210163652024,0.5211111111111112
287,LL,Altay + COSAP,NO,YES,BOWTIE,SomaticSniper,MARK,0.08634920634920636,0.24727272727272728,0.11714039621016366,0.15897136177673876
288,NC,Uhem + COSAP,NO,YES,BOWTIE,SomaticSniper,MARK,0.3493100944081336,0.6901004304160688,0.4142980189491817,0.5177610333692142
290,EA,Altay + COSAP,YES,YES,BWA,Mutect,DELETE,0.7474747474747475,0.8215701823949246,0.892334194659776,0.8554913294797688
296,EA,Altay + COSAP,NO,NO,BWA,Mutect,DELETE,0.745702005730659,0.8158307210031348,0.896640826873385,0.8543290931473123
302,EA,Altay + COSAP,YES,NO,BWA,Mutect,DELETE,0.7330508474576272,0.802784222737819,0.8940568475452196,0.8459657701711492
308,EA,Altay + COSAP,NO,YES,BWA,Mutect,DELETE,0.763235294117647,0.8391269199676638,0.8940568475452196,0.865721434528774
314,EA,Altay + COSAP,YES,YES,BOWTIE,Mutect,DELETE,0.8147249190938511,0.9306839186691312,0.8673557278208441,0.8979045920641997
320,EA,Altay + COSAP,NO,NO,BOWTIE,Mutect,DELETE,0.7939538583929993,0.9122486288848263,0.859603789836348,0.8851441241685145
326,EA,Altay + COSAP,YES,NO,BOWTIE,Mutect,DELETE,0.7965299684542587,0.9042076991942704,0.8699397071490095,0.8867427568042142
332,EA,Altay + COSAP,NO,YES,BOWTIE,Mutect,DELETE,0.8032258064516129,0.9265116279069767,0.8578811369509044,0.89087656529517
338,EA,Altay + COSAP,YES,YES,BWA,Strelka,DELETE,0.5303482587064676,0.5566579634464752,0.9181739879414298,0.693107932379714
344,EA,Altay + COSAP,NO,NO,BWA,Strelka,DELETE,0.4561778537836682,0.4752783964365256,0.9190353143841516,0.6265413975337639
350,EA,Altay + COSAP,YES,NO,BWA,Strelka,DELETE,0.43783340172343044,0.45539906103286387,0.9190353143841516,0.6090182648401826
356,EA,Altay + COSAP,NO,YES,BWA,Strelka,DELETE,0.5590551181102362,0.5887230514096186,0.917312661498708,0.7171717171717172
362,EA,Altay + COSAP,YES,YES,BOWTIE,Strelka,DELETE,0.6565798733286418,0.7820620284995808,0.8036175710594315,0.7926932880203906
368,EA,Altay + COSAP,NO,NO,BOWTIE,Strelka,DELETE,0.6489208633093525,0.7975243147656941,0.7769164513350559,0.787085514834206
374,EA,Altay + COSAP,YES,NO,BOWTIE,Strelka,DELETE,0.6410432395332876,0.759349593495935,0.8044788975021533,0.781263069845253
380,EA,Altay + COSAP,NO,YES,BOWTIE,Strelka,DELETE,0.6736370425690814,0.8351851851851851,0.7769164513350559,0.8049977688531905
386,EA,Altay + COSAP,YES,YES,BWA,SomaticSniper,DELETE,0.4717698154180239,0.5606451612903226,0.7484926787252368,0.6410918480265584
392,EA,Altay + COSAP,NO,NO,BWA,SomaticSniper,DELETE,0.48083242059145676,0.5690213869086196,0.756244616709733,0.6494082840236687
398,EA,Altay + COSAP,YES,NO,BWA,SomaticSniper,DELETE,0.4701810436634718,0.551875,0.7605512489233419,0.6396233248822891
404,EA,Altay + COSAP,NO,YES,BWA,SomaticSniper,DELETE,0.48227349465391106,0.581805838424983,0.7381567614125754,0.6507213363705391
410,EA,Altay + COSAP,YES,YES,BOWTIE,SomaticSniper,DELETE,0.5214881334188582,0.671345995045417,0.7002583979328165,0.6854974704890389
416,EA,Altay + COSAP,NO,NO,BOWTIE,SomaticSniper,DELETE,0.33171408743927827,0.6306068601583114,0.4117140396210164,0.4981761334028141
422,EA,Altay + COSAP,YES,NO,BOWTIE,SomaticSniper,DELETE,0.4886693782684486,0.6002855103497502,0.7243755383290267,0.6565183450429353
428,EA,Altay + COSAP,NO,YES,BOWTIE,SomaticSniper,DELETE,0.35236664162284,0.7339593114241002,0.40396210163652024,0.5211111111111112
435,LL,Uhem + COSAP,YES,YES,BWA,Mutect,DELETE,0.7183441558441559,0.9257322175732218,0.7622739018087855,0.8360888049126122
436,EA,Uhem + COSAP,YES,YES,BWA,Mutect,DELETE,0.7474747474747475,0.8215701823949246,0.892334194659776,0.8554913294797688
437,LL,Altay + COSAP,YES,YES,BWA,Mutect,DELETE,0.7183441558441559,0.9257322175732218,0.7622739018087855,0.8360888049126122
438,NC,Uhem + COSAP,YES,YES,BWA,Mutect,DELETE,0.7813953488372093,0.8865435356200527,0.8682170542635659,0.8772845953002611
441,LL,Uhem + COSAP,NO,NO,BWA,Mutect,DELETE,0.6496722505462491,0.8079710144927537,0.768303186907838,0.7876379690949227
442,EA,Uhem + COSAP,NO,NO,BWA,Mutect,DELETE,0.745702005730659,0.8158307210031348,0.896640826873385,0.8543290931473123
443,LL,Altay + COSAP,NO,NO,BWA,Mutect,DELETE,0.6496722505462491,0.8079710144927537,0.768303186907838,0.7876379690949227
444,NC,Uhem + COSAP,NO,NO,BWA,Mutect,DELETE,0.7835531419705197,0.8875219683655536,0.8699397071490095,0.8786428882122662
447,LL,Uhem + COSAP,YES,NO,BWA,Mutect,DELETE,0.7120967741935483,0.9178794178794178,0.7605512489233419,0.8318417333961375
448,EA,Uhem + COSAP,YES,NO,BWA,Mutect,DELETE,0.7330508474576272,0.802784222737819,0.8940568475452196,0.8459657701711492
449,LL,Altay + COSAP,YES,NO,BWA,Mutect,DELETE,0.7120967741935483,0.9178794178794178,0.7605512489233419,0.8318417333961375
450,NC,Uhem + COSAP,YES,NO,BWA,Mutect,DELETE,0.7857142857142857,0.8884986830553117,0.8716623600344531,0.88
453,LL,Uhem + COSAP,NO,YES,BWA,Mutect,DELETE,0.6812933025404158,0.8651026392961877,0.7622739018087855,0.8104395604395604
454,EA,Uhem + COSAP,NO,YES,BWA,Mutect,DELETE,0.763235294117647,0.8391269199676638,0.8940568475452196,0.865721434528774
455,LL,Altay + COSAP,NO,YES,BWA,Mutect,DELETE,0.6812933025404158,0.8651026392961877,0.7622739018087855,0.8104395604395604
456,NC,Uhem + COSAP,NO,YES,BWA,Mutect,DELETE,0.7822706065318819,0.8894783377541998,0.8664944013781223,0.8778359511343804
459,LL,Uhem + COSAP,YES,YES,BOWTIE,Mutect,DELETE,0.6996805111821086,0.905894519131334,0.7545219638242894,0.8233082706766917
460,EA,Uhem + COSAP,YES,YES,BOWTIE,Mutect,DELETE,0.8147249190938511,0.9306839186691312,0.8673557278208441,0.8979045920641997
461,LL,Altay + COSAP,YES,YES,BOWTIE,Mutect,DELETE,0.6996805111821086,0.905894519131334,0.7545219638242894,0.8233082706766917
462,NC,Uhem + COSAP,YES,YES,BOWTIE,Mutect,DELETE,0.7870296236989591,0.9178338001867413,0.8466838931955211,0.8808243727598567
465,LL,Uhem + COSAP,NO,NO,BOWTIE,Mutect,DELETE,0.623951182303585,0.8450413223140496,0.7045650301464255,0.7684358853922029
466,EA,Uhem + COSAP,NO,NO,BOWTIE,Mutect,DELETE,0.7939538583929993,0.9122486288848263,0.859603789836348,0.8851441241685145
467,LL,Altay + COSAP,NO,NO,BOWTIE,Mutect,DELETE,0.623951182303585,0.8450413223140496,0.7045650301464255,0.7684358853922029
468,NC,Uhem + COSAP,NO,NO,BOWTIE,Mutect,DELETE,0.764937106918239,0.8976014760147601,0.8380706287683032,0.8668151447661471
471,LL,Uhem + COSAP,YES,NO,BOWTIE,Mutect,DELETE,0.7052545155993432,0.9377729257641921,0.739879414298019,0.8271545498314878
472,EA,Uhem + COSAP,YES,NO,BOWTIE,Mutect,DELETE,0.7965299684542587,0.9042076991942704,0.8699397071490095,0.8867427568042142
473,LL,Altay + COSAP,YES,NO,BOWTIE,Mutect,DELETE,0.7052545155993432,0.9377729257641921,0.739879414298019,0.8271545498314878
474,NC,Uhem + COSAP,YES,NO,BOWTIE,Mutect,DELETE,0.781225139220366,0.9109461966604824,0.8458225667527993,0.8771773112996875
477,LL,Uhem + COSAP,NO,YES,BOWTIE,Mutect,DELETE,0.6540627514078842,0.9083798882681564,0.7002583979328165,0.7908560311284046
478,EA,Uhem + COSAP,NO,YES,BOWTIE,Mutect,DELETE,0.8032258064516129,0.9265116279069767,0.8578811369509044,0.89087656529517
479,LL,Altay + COSAP,NO,YES,BOWTIE,Mutect,DELETE,0.6540627514078842,0.9083798882681564,0.7002583979328165,0.7908560311284046
480,NC,Uhem + COSAP,NO,YES,BOWTIE,Mutect,DELETE,0.7637362637362637,0.8959484346224678,0.8380706287683032,0.8660436137071651
483,LL,Uhem + COSAP,YES,YES,BWA,Strelka,DELETE,0.43675982946470865,0.49252136752136755,0.7941429801894918,0.6079788987800858
484,EA,Uhem + COSAP,YES,YES,BWA,Strelka,DELETE,0.5303482587064676,0.5566579634464752,0.9181739879414298,0.693107932379714
485,LL,Altay + COSAP,YES,YES,BWA,Strelka,DELETE,0.43675982946470865,0.49252136752136755,0.7941429801894918,0.6079788987800858
486,NC,Uhem + COSAP,YES,YES,BWA,Strelka,DELETE,0.5301327885597549,0.5656675749318801,0.8940568475452196,0.6929238985313753
489,LL,Uhem + COSAP,NO,NO,BWA,Strelka,DELETE,0.40375381929288523,0.45012165450121655,0.7967269595176572,0.5752487562189055
490,EA,Uhem + COSAP,NO,NO,BWA,Strelka,DELETE,0.4561778537836682,0.4752783964365256,0.9190353143841516,0.6265413975337639
491,LL,Altay + COSAP,NO,NO,BWA,Strelka,DELETE,0.40375381929288523,0.45012165450121655,0.7967269595176572,0.5752487562189055
492,NC,Uhem + COSAP,NO,NO,BWA,Strelka,DELETE,0.49430740037950666,0.5238813474107592,0.8975021533161068,0.6615873015873016
495,LL,Uhem + COSAP,YES,NO,BWA,Strelka,DELETE,0.3928722952906237,0.4363807728557964,0.797588285960379,0.5641181845872678
496,EA,Uhem + COSAP,YES,NO,BWA,Strelka,DELETE,0.43783340172343044,0.45539906103286387,0.9190353143841516,0.6090182648401826
497,LL,Altay + COSAP,YES,NO,BWA,Strelka,DELETE,0.3928722952906237,0.4363807728557964,0.797588285960379,0.5641181845872678
498,NC,Uhem + COSAP,YES,NO,BWA,Strelka,DELETE,0.48177203507152744,0.5092682926829268,0.8992248062015504,0.650264715042043
501,LL,Uhem + COSAP,NO,YES,BWA,Strelka,DELETE,0.4491484184914842,0.5079801871216291,0.7950043066322137,0.6198791134989927
502,EA,Uhem + COSAP,NO,YES,BWA,Strelka,DELETE,0.5590551181102362,0.5887230514096186,0.917312661498708,0.7171717171717172
503,LL,Altay + COSAP,NO,YES,BWA,Strelka,DELETE,0.4491484184914842,0.5079801871216291,0.7950043066322137,0.6198791134989927
504,NC,Uhem + COSAP,NO,YES,BWA,Strelka,DELETE,0.5504782146652497,0.5896414342629482,0.892334194659776,0.7100753941055518
507,LL,Uhem + COSAP,YES,YES,BOWTIE,Strelka,DELETE,0.5477453580901857,0.7041773231031543,0.7114556416881999,0.7077977720651243
508,EA,Uhem + COSAP,YES,YES,BOWTIE,Strelka,DELETE,0.6565798733286418,0.7820620284995808,0.8036175710594315,0.7926932880203906
509,LL,Altay + COSAP,YES,YES,BOWTIE,Strelka,DELETE,0.5477453580901857,0.7041773231031543,0.7114556416881999,0.7077977720651243
510,NC,Uhem + COSAP,YES,YES,BOWTIE,Strelka,DELETE,0.6690442225392297,0.7955894826123834,0.8079242032730405,0.8017094017094016
513,LL,Uhem + COSAP,NO,NO,BOWTIE,Strelka,DELETE,0.5147164393395549,0.7555321390937829,0.6175710594315246,0.6796208530805687
514,EA,Uhem + COSAP,NO,NO,BOWTIE,Strelka,DELETE,0.6489208633093525,0.7975243147656941,0.7769164513350559,0.787085514834206
515,LL,Altay + COSAP,NO,NO,BOWTIE,Strelka,DELETE,0.5147164393395549,0.7555321390937829,0.6175710594315246,0.6796208530805687
516,NC,Uhem + COSAP,NO,NO,BOWTIE,Strelka,DELETE,0.672082717872969,0.8250226654578422,0.7838070628768303,0.8038869257950529
519,LL,Uhem + COSAP,YES,NO,BOWTIE,Strelka,DELETE,0.5057821059038344,0.6329017517136329,0.7157622739018088,0.67178658043654
520,EA,Uhem + COSAP,YES,NO,BOWTIE,Strelka,DELETE,0.6410432395332876,0.759349593495935,0.8044788975021533,0.781263069845253
521,LL,Altay + COSAP,YES,NO,BOWTIE,Strelka,DELETE,0.5057821059038344,0.6329017517136329,0.7157622739018088,0.67178658043654
522,NC,Uhem + COSAP,YES,NO,BOWTIE,Strelka,DELETE,0.6573426573426573,0.7775020678246485,0.8096468561584841,0.7932489451476793
525,LL,Uhem + COSAP,NO,YES,BOWTIE,Strelka,DELETE,0.5532245532245532,0.8496420047732697,0.6132644272179156,0.7123561780890446
526,EA,Uhem + COSAP,NO,YES,BOWTIE,Strelka,DELETE,0.6736370425690814,0.8351851851851851,0.7769164513350559,0.8049977688531905
527,LL,Altay + COSAP,NO,YES,BOWTIE,Strelka,DELETE,0.5532245532245532,0.8496420047732697,0.6132644272179156,0.7123561780890446
528,NC,Uhem + COSAP,NO,YES,BOWTIE,Strelka,DELETE,0.7021604938271605,0.8708133971291866,0.7838070628768303,0.8250226654578423
531,LL,Uhem + COSAP,YES,YES,BWA,SomaticSniper,DELETE,0.3345209817893903,0.38235294117647056,0.7278208440999139,0.5013349154553545
532,EA,Uhem + COSAP,YES,YES,BWA,SomaticSniper,DELETE,0.4717698154180239,0.5606451612903226,0.7484926787252368,0.6410918480265584
533,LL,Altay + COSAP,YES,YES,BWA,SomaticSniper,DELETE,0.3345209817893903,0.38235294117647056,0.7278208440999139,0.5013349154553545
534,NC,Uhem + COSAP,YES,YES,BWA,SomaticSniper,DELETE,0.5002820078962211,0.5917278185456971,0.7639965546942291,0.6669172932330827
537,LL,Uhem + COSAP,NO,NO,BWA,SomaticSniper,DELETE,0.29200819672131145,0.32608695652173914,0.7364341085271318,0.45202220459952414
538,EA,Uhem + COSAP,NO,NO,BWA,SomaticSniper,DELETE,0.48083242059145676,0.5690213869086196,0.756244616709733,0.6494082840236687
539,LL,Altay + COSAP,NO,NO,BWA,SomaticSniper,DELETE,0.29200819672131145,0.32608695652173914,0.7364341085271318,0.45202220459952414
540,NC,Uhem + COSAP,NO,NO,BWA,SomaticSniper,DELETE,0.5030881527231892,0.5910290237467019,0.7717484926787253,0.6694060515502428
543,LL,Uhem + COSAP,YES,NO,BWA,SomaticSniper,DELETE,0.28344895936570863,0.31497797356828194,0.7390180878552972,0.44169884169884166
544,EA,Uhem + COSAP,YES,NO,BWA,SomaticSniper,DELETE,0.4701810436634718,0.551875,0.7605512489233419,0.6396233248822891
545,LL,Altay + COSAP,YES,NO,BWA,SomaticSniper,DELETE,0.28344895936570863,0.31497797356828194,0.7390180878552972,0.44169884169884166
546,NC,Uhem + COSAP,YES,NO,BWA,SomaticSniper,DELETE,0.49123767798466594,0.5742637644046095,0.772609819121447,0.6588321704002938
549,LL,Uhem + COSAP,NO,YES,BWA,SomaticSniper,DELETE,0.3391059202577527,0.38909426987060997,0.7252368647717485,0.5064661654135337
550,EA,Uhem + COSAP,NO,YES,BWA,SomaticSniper,DELETE,0.48227349465391106,0.581805838424983,0.7381567614125754,0.6507213363705391
551,LL,Altay + COSAP,NO,YES,BWA,SomaticSniper,DELETE,0.3391059202577527,0.38909426987060997,0.7252368647717485,0.5064661654135337
552,NC,Uhem + COSAP,NO,YES,BWA,SomaticSniper,DELETE,0.5135916714864083,0.6098901098901099,0.7648578811369509,0.6786396637371036
555,LL,Uhem + COSAP,YES,YES,BOWTIE,SomaticSniper,DELETE,0.3669638667292351,0.4463470319634703,0.673557278208441,0.5369035358736698
556,EA,Uhem + COSAP,YES,YES,BOWTIE,SomaticSniper,DELETE,0.5214881334188582,0.671345995045417,0.7002583979328165,0.6854974704890389
557,LL,Altay + COSAP,YES,YES,BOWTIE,SomaticSniper,DELETE,0.3669638667292351,0.4463470319634703,0.673557278208441,0.5369035358736698
558,NC,Uhem + COSAP,YES,YES,BOWTIE,SomaticSniper,DELETE,0.5311704834605598,0.6701444622792937,0.719207579672696,0.6938097216452015
561,LL,Uhem + COSAP,NO,NO,BOWTIE,SomaticSniper,DELETE,0.07556270096463022,0.16666666666666666,0.12144702842377261,0.14050822122571002
562,EA,Uhem + COSAP,NO,NO,BOWTIE,SomaticSniper,DELETE,0.33171408743927827,0.6306068601583114,0.4117140396210164,0.4981761334028141
563,LL,Altay + COSAP,NO,NO,BOWTIE,SomaticSniper,DELETE,0.07556270096463022,0.16666666666666666,0.12144702842377261,0.14050822122571002
564,NC,Uhem + COSAP,NO,NO,BOWTIE,SomaticSniper,DELETE,0.33516106922549693,0.6213468869123253,0.42118863049095606,0.5020533880903492
567,LL,Uhem + COSAP,YES,NO,BOWTIE,SomaticSniper,DELETE,0.29145546705286024,0.3345802161263508,0.6933677863910422,0.45135968601065324
568,EA,Uhem + COSAP,YES,NO,BOWTIE,SomaticSniper,DELETE,0.4886693782684486,0.6002855103497502,0.7243755383290267,0.6565183450429353
569,LL,Altay + COSAP,YES,NO,BOWTIE,SomaticSniper,DELETE,0.29145546705286024,0.3345802161263508,0.6933677863910422,0.45135968601065324
570,NC,Uhem + COSAP,YES,NO,BOWTIE,SomaticSniper,DELETE,0.5041617122473246,0.6194302410518627,0.7304048234280792,0.6703557312252965
573,LL,Uhem + COSAP,NO,YES,BOWTIE,SomaticSniper,DELETE,0.08634920634920636,0.24727272727272728,0.11714039621016366,0.15897136177673876
574,EA,Uhem + COSAP,NO,YES,BOWTIE,SomaticSniper,DELETE,0.35236664162284,0.7339593114241002,0.40396210163652024,0.5211111111111112
575,LL,Altay + COSAP,NO,YES,BOWTIE,SomaticSniper,DELETE,0.08634920634920636,0.24727272727272728,0.11714039621016366,0.15897136177673876
576,NC,Uhem + COSAP,NO,YES,BOWTIE,SomaticSniper,DELETE,0.3493100944081336,0.6901004304160688,0.4142980189491817,0.5177610333692142
577,FD,Uhem + COSAP,YES,YES,BWA,Mutect,DELETE,0.6231788079470199,0.7294573643410853,0.8105081826012058,0.7678498572011424
578,FD,Uhem + COSAP,YES,YES,BOWTIE,Mutect,DELETE,0.7116903633491312,0.8956262425447317,0.7760551248923342,0.8315643747115828
579,FD,Uhem + COSAP,YES,YES,BWA,Strelka,DELETE,0.4082741328875888,0.4422815753734722,0.8415159345391904,0.5798219584569733
580,FD,Uhem + COSAP,YES,YES,BOWTIE,Strelka,DELETE,0.5924453280318092,0.7198067632850241,0.7700258397932817,0.7440699126092384
581,FD,Uhem + COSAP,YES,YES,BWA,SomaticSniper,DELETE,0.347117296222664,0.3920071845532106,0.751937984496124,0.5153482880755609
582,FD,Uhem + COSAP,YES,YES,BOWTIE,SomaticSniper,DELETE,0.38570752484619025,0.46123372948500285,0.7019810508182601,0.5566939890710384
583,FD,Uhem + COSAP,YES,YES,BWA,Mutect,MARK,0.6231788079470199,0.7294573643410853,0.8105081826012058,0.7678498572011424
584,FD,Uhem + COSAP,YES,YES,BOWTIE,Mutect,MARK,0.7116903633491312,0.8956262425447317,0.7760551248923342,0.8315643747115828
585,FD,Uhem + COSAP,YES,YES,BWA,Strelka,MARK,0.4082741328875888,0.4422815753734722,0.8415159345391904,0.5798219584569733
586,FD,Uhem + COSAP,YES,YES,BOWTIE,Strelka,MARK,0.5924453280318092,0.7198067632850241,0.7700258397932817,0.7440699126092384
587,FD,Uhem + COSAP,YES,YES,BWA,SomaticSniper,MARK,0.347117296222664,0.3920071845532106,0.751937984496124,0.5153482880755609
588,FD,Uhem + COSAP,YES,YES,BOWTIE,SomaticSniper,MARK,0.38570752484619025,0.46123372948500285,0.7019810508182601,0.5566939890710384
589,FD,Uhem + COSAP,YES,NO,BWA,Mutect,DELETE,0.5908521303258145,0.6843251088534107,0.8122308354866494,0.7428121307601416
590,FD,Uhem + COSAP,YES,NO,BOWTIE,Mutect,DELETE,0.6847662141779789,0.8462255358807083,0.7820844099913867,0.8128916741271262
591,FD,Uhem + COSAP,YES,NO,BWA,Strelka,DELETE,0.2879765395894428,0.3039306716186939,0.8458225667527993,0.44717668488160295
592,FD,Uhem + COSAP,YES,NO,BOWTIE,Strelka,DELETE,0.5329376854599407,0.6315049226441631,0.7734711455641688,0.6953155245838173
593,FD,Uhem + COSAP,YES,NO,BWA,SomaticSniper,DELETE,0.2549240292628025,0.27462867535616853,0.7803617571059431,0.40627802690582965
594,FD,Uhem + COSAP,YES,NO,BOWTIE,SomaticSniper,DELETE,0.2661668228678538,0.2946058091286307,0.7338501291989664,0.4204293116210215
595,FD,Uhem + COSAP,YES,NO,BWA,Mutect,MARK,0.5908521303258145,0.6843251088534107,0.8122308354866494,0.7428121307601416
596,FD,Uhem + COSAP,YES,NO,BOWTIE,Mutect,MARK,0.6847662141779789,0.8462255358807083,0.7820844099913867,0.8128916741271262
597,FD,Uhem + COSAP,YES,NO,BWA,Strelka,MARK,0.2879765395894428,0.3039306716186939,0.8458225667527993,0.44717668488160295
598,FD,Uhem + COSAP,YES,NO,BOWTIE,Strelka,MARK,0.5329376854599407,0.6315049226441631,0.7734711455641688,0.6953155245838173
599,FD,Uhem + COSAP,YES,NO,BWA,SomaticSniper,MARK,0.2549240292628025,0.27462867535616853,0.7803617571059431,0.40627802690582965
600,FD,Uhem + COSAP,YES,NO,BOWTIE,SomaticSniper,MARK,0.2661668228678538,0.2946058091286307,0.7338501291989664,0.4204293116210215
601,FD,Uhem + COSAP,NO,YES,BWA,Mutect,DELETE,0.5818406423718344,0.6728571428571428,0.8113695090439277,0.735650136665365
602,FD,Uhem + COSAP,NO,YES,BOWTIE,Mutect,DELETE,0.6130653266331658,0.7863720073664825,0.73557278208441,0.7601246105919003
603,FD,Uhem + COSAP,NO,YES,BWA,Strelka,DELETE,0.41293322062552834,0.4477543538038497,0.8415159345391904,0.5845049356865092
604,FD,Uhem + COSAP,NO,YES,BOWTIE,Strelka,DELETE,0.5916149068322981,0.8571428571428571,0.6563307493540051,0.7434146341463415
605,FD,Uhem + COSAP,NO,YES,BWA,SomaticSniper,DELETE,0.35384615384615387,0.40036646816307836,0.7527993109388458,0.5227272727272727
606,FD,Uhem + COSAP,NO,YES,BOWTIE,SomaticSniper,DELETE,0.04697072838665759,0.1830238726790451,0.059431524547803614,0.08972691807542262
607,FD,Uhem + COSAP,NO,YES,BWA,Mutect,MARK,0.5818406423718344,0.6728571428571428,0.8113695090439277,0.735650136665365
608,FD,Uhem + COSAP,NO,YES,BOWTIE,Mutect,MARK,0.6130653266331658,0.7863720073664825,0.73557278208441,0.7601246105919003
609,FD,Uhem + COSAP,NO,YES,BWA,Strelka,MARK,0.41293322062552834,0.4477543538038497,0.8415159345391904,0.5845049356865092
610,FD,Uhem + COSAP,NO,YES,BOWTIE,Strelka,MARK,0.5916149068322981,0.8571428571428571,0.6563307493540051,0.7434146341463415
611,FD,Uhem + COSAP,NO,YES,BWA,SomaticSniper,MARK,0.35384615384615387,0.40036646816307836,0.7527993109388458,0.5227272727272727
612,FD,Uhem + COSAP,NO,YES,BOWTIE,SomaticSniper,MARK,0.04697072838665759,0.1830238726790451,0.059431524547803614,0.08972691807542262
613,FD,Uhem + COSAP,NO,NO,BWA,Mutect,DELETE,0.5485183033120279,0.6276595744680851,0.8130921619293713,0.7084427767354596
614,FD,Uhem + COSAP,NO,NO,BOWTIE,Mutect,DELETE,0.5204326923076923,0.6325785244704164,0.7459086993970715,0.6845849802371542
615,FD,Uhem + COSAP,NO,NO,BWA,Strelka,DELETE,0.28513474355259344,0.30054978619425776,0.8475452196382429,0.44374295377677553
616,FD,Uhem + COSAP,NO,NO,BOWTIE,Strelka,DELETE,0.5340277777777778,0.7337786259541985,0.6623600344530577,0.6962426437301947
617,FD,Uhem + COSAP,NO,NO,BWA,SomaticSniper,DELETE,0.2673590504451039,0.2897106109324759,0.7760551248923342,0.4219152423320066
618,FD,Uhem + COSAP,NO,NO,BOWTIE,SomaticSniper,DELETE,0.04055496264674493,0.09632446134347275,0.06546080964685616,0.07794871794871795
619,FD,Uhem + COSAP,NO,NO,BWA,Mutect,MARK,0.5485183033120279,0.6276595744680851,0.8130921619293713,0.7084427767354596
620,FD,Uhem + COSAP,NO,NO,BOWTIE,Mutect,MARK,0.5204326923076923,0.6325785244704164,0.7459086993970715,0.6845849802371542
621,FD,Uhem + COSAP,NO,NO,BWA,Strelka,MARK,0.28513474355259344,0.30054978619425776,0.8475452196382429,0.44374295377677553
622,FD,Uhem + COSAP,NO,NO,BOWTIE,Strelka,MARK,0.5340277777777778,0.7337786259541985,0.6623600344530577,0.6962426437301947
623,FD,Uhem + COSAP,NO,NO,BWA,SomaticSniper,MARK,0.2673590504451039,0.2897106109324759,0.7760551248923342,0.4219152423320066
624,FD,Uhem + COSAP,NO,NO,BOWTIE,SomaticSniper,MARK,0.04055496264674493,0.09632446134347275,0.06546080964685616,0.07794871794871795
625,FD,Altay + COSAP,YES,YES,BWA,Mutect,DELETE,0.6231788079470199,0.7294573643410853,0.8105081826012058,0.7678498572011424
626,FD,Altay + COSAP,YES,YES,BOWTIE,Mutect,DELETE,0.7116903633491312,0.8956262425447317,0.7760551248923342,0.8315643747115828
627,FD,Altay + COSAP,YES,YES,BWA,Strelka,DELETE,0.4082741328875888,0.4422815753734722,0.8415159345391904,0.5798219584569733
628,FD,Altay + COSAP,YES,YES,BOWTIE,Strelka,DELETE,0.5924453280318092,0.7198067632850241,0.7700258397932817,0.7440699126092384
629,FD,Altay + COSAP,YES,YES,BWA,SomaticSniper,DELETE,0.347117296222664,0.3920071845532106,0.751937984496124,0.5153482880755609
630,FD,Altay + COSAP,YES,YES,BOWTIE,SomaticSniper,DELETE,0.38570752484619025,0.46123372948500285,0.7019810508182601,0.5566939890710384
631,FD,Altay + COSAP,YES,YES,BWA,Mutect,MARK,0.6231788079470199,0.7294573643410853,0.8105081826012058,0.7678498572011424
632,FD,Altay + COSAP,YES,YES,BOWTIE,Mutect,MARK,0.7116903633491312,0.8956262425447317,0.7760551248923342,0.8315643747115828
633,FD,Altay + COSAP,YES,YES,BWA,Strelka,MARK,0.4082741328875888,0.4422815753734722,0.8415159345391904,0.5798219584569733
634,FD,Altay + COSAP,YES,YES,BOWTIE,Strelka,MARK,0.5924453280318092,0.7198067632850241,0.7700258397932817,0.7440699126092384
635,FD,Altay + COSAP,YES,YES,BWA,SomaticSniper,MARK,0.347117296222664,0.3920071845532106,0.751937984496124,0.5153482880755609
636,FD,Altay + COSAP,YES,YES,BOWTIE,SomaticSniper,MARK,0.38570752484619025,0.46123372948500285,0.7019810508182601,0.5566939890710384
637,FD,Altay + COSAP,YES,NO,BWA,Mutect,DELETE,0.5908521303258145,0.6843251088534107,0.8122308354866494,0.7428121307601416
638,FD,Altay + COSAP,YES,NO,BOWTIE,Mutect,DELETE,0.6847662141779789,0.8462255358807083,0.7820844099913867,0.8128916741271262
639,FD,Altay + COSAP,YES,NO,BWA,Strelka,DELETE,0.2879765395894428,0.3039306716186939,0.8458225667527993,0.44717668488160295
640,FD,Altay + COSAP,YES,NO,BOWTIE,Strelka,DELETE,0.5329376854599407,0.6315049226441631,0.7734711455641688,0.6953155245838173
641,FD,Altay + COSAP,YES,NO,BWA,SomaticSniper,DELETE,0.2549240292628025,0.27462867535616853,0.7803617571059431,0.40627802690582965
642,FD,Altay + COSAP,YES,NO,BOWTIE,SomaticSniper,DELETE,0.2661668228678538,0.2946058091286307,0.7338501291989664,0.4204293116210215
643,FD,Altay + COSAP,YES,NO,BWA,Mutect,MARK,0.5908521303258145,0.6843251088534107,0.8122308354866494,0.7428121307601416
644,FD,Altay + COSAP,YES,NO,BOWTIE,Mutect,MARK,0.6847662141779789,0.8462255358807083,0.7820844099913867,0.8128916741271262
645,FD,Altay + COSAP,YES,NO,BWA,Strelka,MARK,0.2879765395894428,0.3039306716186939,0.8458225667527993,0.44717668488160295
646,FD,Altay + COSAP,YES,NO,BOWTIE,Strelka,MARK,0.5329376854599407,0.6315049226441631,0.7734711455641688,0.6953155245838173
647,FD,Altay + COSAP,YES,NO,BWA,SomaticSniper,MARK,0.2549240292628025,0.27462867535616853,0.7803617571059431,0.40627802690582965
648,FD,Altay + COSAP,YES,NO,BOWTIE,SomaticSniper,MARK,0.2661668228678538,0.2946058091286307,0.7338501291989664,0.4204293116210215
649,FD,Altay + COSAP,NO,YES,BWA,Mutect,DELETE,0.5818406423718344,0.6728571428571428,0.8113695090439277,0.735650136665365
650,FD,Altay + COSAP,NO,YES,BOWTIE,Mutect,DELETE,0.6130653266331658,0.7863720073664825,0.73557278208441,0.7601246105919003
651,FD,Altay + COSAP,NO,YES,BWA,Strelka,DELETE,0.41293322062552834,0.4477543538038497,0.8415159345391904,0.5845049356865092
652,FD,Altay + COSAP,NO,YES,BOWTIE,Strelka,DELETE,0.5916149068322981,0.8571428571428571,0.6563307493540051,0.7434146341463415
653,FD,Altay + COSAP,NO,YES,BWA,SomaticSniper,DELETE,0.35384615384615387,0.40036646816307836,0.7527993109388458,0.5227272727272727
654,FD,Altay + COSAP,NO,YES,BOWTIE,SomaticSniper,DELETE,0.04697072838665759,0.1830238726790451,0.059431524547803614,0.08972691807542262
655,FD,Altay + COSAP,NO,YES,BWA,Mutect,MARK,0.5818406423718344,0.6728571428571428,0.8113695090439277,0.735650136665365
656,FD,Altay + COSAP,NO,YES,BOWTIE,Mutect,MARK,0.6130653266331658,0.7863720073664825,0.73557278208441,0.7601246105919003
657,FD,Altay + COSAP,NO,YES,BWA,Strelka,MARK,0.41293322062552834,0.4477543538038497,0.8415159345391904,0.5845049356865092
658,FD,Altay + COSAP,NO,YES,BOWTIE,Strelka,MARK,0.5916149068322981,0.8571428571428571,0.6563307493540051,0.7434146341463415
659,FD,Altay + COSAP,NO,YES,BWA,SomaticSniper,MARK,0.35384615384615387,0.40036646816307836,0.7527993109388458,0.5227272727272727
660,FD,Altay + COSAP,NO,YES,BOWTIE,SomaticSniper,MARK,0.04697072838665759,0.1830238726790451,0.059431524547803614,0.08972691807542262
661,FD,Altay + COSAP,NO,NO,BWA,Mutect,DELETE,0.5485183033120279,0.6276595744680851,0.8130921619293713,0.7084427767354596
662,FD,Altay + COSAP,NO,NO,BOWTIE,Mutect,DELETE,0.5204326923076923,0.6325785244704164,0.7459086993970715,0.6845849802371542
663,FD,Altay + COSAP,NO,NO,BWA,Strelka,DELETE,0.28513474355259344,0.30054978619425776,0.8475452196382429,0.44374295377677553
664,FD,Altay + COSAP,NO,NO,BOWTIE,Strelka,DELETE,0.5340277777777778,0.7337786259541985,0.6623600344530577,0.6962426437301947
665,FD,Altay + COSAP,NO,NO,BWA,SomaticSniper,DELETE,0.2673590504451039,0.2897106109324759,0.7760551248923342,0.4219152423320066
666,FD,Altay + COSAP,NO,NO,BOWTIE,SomaticSniper,DELETE,0.04055496264674493,0.09632446134347275,0.06546080964685616,0.07794871794871795
667,FD,Altay + COSAP,NO,NO,BWA,Mutect,MARK,0.5485183033120279,0.6276595744680851,0.8130921619293713,0.7084427767354596
668,FD,Altay + COSAP,NO,NO,BOWTIE,Mutect,MARK,0.5204326923076923,0.6325785244704164,0.7459086993970715,0.6845849802371542
669,FD,Altay + COSAP,NO,NO,BWA,Strelka,MARK,0.28513474355259344,0.30054978619425776,0.8475452196382429,0.44374295377677553
670,FD,Altay + COSAP,NO,NO,BOWTIE,Strelka,MARK,0.5340277777777778,0.7337786259541985,0.6623600344530577,0.6962426437301947
671,FD,Altay + COSAP,NO,NO,BWA,SomaticSniper,MARK,0.2673590504451039,0.2897106109324759,0.7760551248923342,0.4219152423320066
672,FD,Altay + COSAP,NO,NO,BOWTIE,SomaticSniper,MARK,0.04055496264674493,0.09632446134347275,0.06546080964685616,0.07794871794871795
721,NC,Altay + COSAP,YES,YES,BWA,Mutect,DELETE,0.7813953488372093,0.8865435356200527,0.8682170542635659,0.8772845953002611
722,NC,Altay + COSAP,YES,YES,BOWTIE,Mutect,DELETE,0.7870296236989591,0.9178338001867413,0.8466838931955211,0.8808243727598567
723,NC,Altay + COSAP,YES,YES,BWA,Strelka,DELETE,0.5301327885597549,0.5656675749318801,0.8940568475452196,0.6929238985313753
724,NC,Altay + COSAP,YES,YES,BOWTIE,Strelka,DELETE,0.6690442225392297,0.7955894826123834,0.8079242032730405,0.8017094017094016
725,NC,Altay + COSAP,YES,YES,BWA,SomaticSniper,DELETE,0.5002820078962211,0.5917278185456971,0.7639965546942291,0.6669172932330827
726,NC,Altay + COSAP,YES,YES,BOWTIE,SomaticSniper,DELETE,0.5311704834605598,0.6701444622792937,0.719207579672696,0.6938097216452015
727,NC,Altay + COSAP,YES,YES,BWA,Mutect,MARK,0.7813953488372093,0.8865435356200527,0.8682170542635659,0.8772845953002611
728,NC,Altay + COSAP,YES,YES,BOWTIE,Mutect,MARK,0.7870296236989591,0.9178338001867413,0.8466838931955211,0.8808243727598567
729,NC,Altay + COSAP,YES,YES,BWA,Strelka,MARK,0.5301327885597549,0.5656675749318801,0.8940568475452196,0.6929238985313753
730,NC,Altay + COSAP,YES,YES,BOWTIE,Strelka,MARK,0.6690442225392297,0.7955894826123834,0.8079242032730405,0.8017094017094016
731,NC,Altay + COSAP,YES,YES,BWA,SomaticSniper,MARK,0.5002820078962211,0.5917278185456971,0.7639965546942291,0.6669172932330827
732,NC,Altay + COSAP,YES,YES,BOWTIE,SomaticSniper,MARK,0.5311704834605598,0.6701444622792937,0.719207579672696,0.6938097216452015
733,NC,Altay + COSAP,YES,NO,BWA,Mutect,DELETE,0.7857142857142857,0.8884986830553117,0.8716623600344531,0.88
734,NC,Altay + COSAP,YES,NO,BOWTIE,Mutect,DELETE,0.781225139220366,0.9109461966604824,0.8458225667527993,0.8771773112996875
735,NC,Altay + COSAP,YES,NO,BWA,Strelka,DELETE,0.48177203507152744,0.5092682926829268,0.8992248062015504,0.650264715042043
736,NC,Altay + COSAP,YES,NO,BOWTIE,Strelka,DELETE,0.6573426573426573,0.7775020678246485,0.8096468561584841,0.7932489451476793
737,NC,Altay + COSAP,YES,NO,BWA,SomaticSniper,DELETE,0.49123767798466594,0.5742637644046095,0.772609819121447,0.6588321704002938
738,NC,Altay + COSAP,YES,NO,BOWTIE,SomaticSniper,DELETE,0.5041617122473246,0.6194302410518627,0.7304048234280792,0.6703557312252965
739,NC,Altay + COSAP,YES,NO,BWA,Mutect,MARK,0.7857142857142857,0.8884986830553117,0.8716623600344531,0.88
740,NC,Altay + COSAP,YES,NO,BOWTIE,Mutect,MARK,0.781225139220366,0.9109461966604824,0.8458225667527993,0.8771773112996875
741,NC,Altay + COSAP,YES,NO,BWA,Strelka,MARK,0.48177203507152744,0.5092682926829268,0.8992248062015504,0.650264715042043
742,NC,Altay + COSAP,YES,NO,BOWTIE,Strelka,MARK,0.6573426573426573,0.7775020678246485,0.8096468561584841,0.7932489451476793
743,NC,Altay + COSAP,YES,NO,BWA,SomaticSniper,MARK,0.49123767798466594,0.5742637644046095,0.772609819121447,0.6588321704002938
744,NC,Altay + COSAP,YES,NO,BOWTIE,SomaticSniper,MARK,0.5041617122473246,0.6194302410518627,0.7304048234280792,0.6703557312252965
745,NC,Altay + COSAP,NO,YES,BWA,Mutect,DELETE,0.7822706065318819,0.8894783377541998,0.8664944013781223,0.8778359511343804
746,NC,Altay + COSAP,NO,YES,BOWTIE,Mutect,DELETE,0.7637362637362637,0.8959484346224678,0.8380706287683032,0.8660436137071651
747,NC,Altay + COSAP,NO,YES,BWA,Strelka,DELETE,0.5504782146652497,0.5896414342629482,0.892334194659776,0.7100753941055518
748,NC,Altay + COSAP,NO,YES,BOWTIE,Strelka,DELETE,0.7021604938271605,0.8708133971291866,0.7838070628768303,0.8250226654578423
749,NC,Altay + COSAP,NO,YES,BWA,SomaticSniper,DELETE,0.5135916714864083,0.6098901098901099,0.7648578811369509,0.6786396637371036
750,NC,Altay + COSAP,NO,YES,BOWTIE,SomaticSniper,DELETE,0.3493100944081336,0.6901004304160688,0.4142980189491817,0.5177610333692142
751,NC,Altay + COSAP,NO,YES,BWA,Mutect,MARK,0.7822706065318819,0.8894783377541998,0.8664944013781223,0.8778359511343804
752,NC,Altay + COSAP,NO,YES,BOWTIE,Mutect,MARK,0.7637362637362637,0.8959484346224678,0.8380706287683032,0.8660436137071651
753,NC,Altay + COSAP,NO,YES,BWA,Strelka,MARK,0.5504782146652497,0.5896414342629482,0.892334194659776,0.7100753941055518
754,NC,Altay + COSAP,NO,YES,BOWTIE,Strelka,MARK,0.7021604938271605,0.8708133971291866,0.7838070628768303,0.8250226654578423
755,NC,Altay + COSAP,NO,YES,BWA,SomaticSniper,MARK,0.5135916714864083,0.6098901098901099,0.7648578811369509,0.6786396637371036
756,NC,Altay + COSAP,NO,YES,BOWTIE,SomaticSniper,MARK,0.3493100944081336,0.6901004304160688,0.4142980189491817,0.5177610333692142
757,NC,Altay + COSAP,NO,NO,BWA,Mutect,DELETE,0.7835531419705197,0.8875219683655536,0.8699397071490095,0.8786428882122662
758,NC,Altay + COSAP,NO,NO,BOWTIE,Mutect,DELETE,0.764937106918239,0.8976014760147601,0.8380706287683032,0.8668151447661471
759,NC,Altay + COSAP,NO,NO,BWA,Strelka,DELETE,0.49430740037950666,0.5238813474107592,0.8975021533161068,0.6615873015873016
760,NC,Altay + COSAP,NO,NO,BOWTIE,Strelka,DELETE,0.672082717872969,0.8250226654578422,0.7838070628768303,0.8038869257950529
761,NC,Altay + COSAP,NO,NO,BWA,SomaticSniper,DELETE,0.5030881527231892,0.5910290237467019,0.7717484926787253,0.6694060515502428
762,NC,Altay + COSAP,NO,NO,BOWTIE,SomaticSniper,DELETE,0.33516106922549693,0.6213468869123253,0.42118863049095606,0.5020533880903492
763,NC,Altay + COSAP,NO,NO,BWA,Mutect,MARK,0.7835531419705197,0.8875219683655536,0.8699397071490095,0.8786428882122662
764,NC,Altay + COSAP,NO,NO,BOWTIE,Mutect,MARK,0.764937106918239,0.8976014760147601,0.8380706287683032,0.8668151447661471
765,NC,Altay + COSAP,NO,NO,BWA,Strelka,MARK,0.49430740037950666,0.5238813474107592,0.8975021533161068,0.6615873015873016
766,NC,Altay + COSAP,NO,NO,BOWTIE,Strelka,MARK,0.672082717872969,0.8250226654578422,0.7838070628768303,0.8038869257950529
767,NC,Altay + COSAP,NO,NO,BWA,SomaticSniper,MARK,0.5030881527231892,0.5910290237467019,0.7717484926787253,0.6694060515502428
768,NC,Altay + COSAP,NO,NO,BOWTIE,SomaticSniper,MARK,0.33516106922549693,0.6213468869123253,0.42118863049095606,0.5020533880903492
769,IL,Uhem + COSAP,YES,YES,BWA,Mutect,MARK,0.8415124698310539,0.9273049645390071,0.9009474590869939,0.9139362166885103
770,IL,Uhem + COSAP,NO,NO,BWA,Mutect,MARK,0.8215139442231075,0.9164444444444444,0.8880275624461671,0.9020122484689413
771,IL,Uhem + COSAP,YES,NO,BWA,Mutect,MARK,0.8215139442231075,0.9164444444444444,0.8880275624461671,0.9020122484689413
772,IL,Uhem + COSAP,NO,YES,BWA,Mutect,MARK,0.8417670682730923,0.9257950530035336,0.9026701119724375,0.9140863497601396
773,IL,Uhem + COSAP,YES,YES,BOWTIE,Mutect,MARK,0.8520066889632107,0.9667931688804554,0.8776916451335056,0.9200902934537246
774,IL,Uhem + COSAP,NO,NO,BOWTIE,Mutect,MARK,0.8320864505403158,0.959731543624161,0.8621877691645133,0.9083484573502723
775,IL,Uhem + COSAP,YES,NO,BOWTIE,Mutect,MARK,0.8341625207296849,0.9571836346336822,0.8664944013781223,0.9095840867992767
776,IL,Uhem + COSAP,NO,YES,BOWTIE,Mutect,MARK,0.8549747048903878,0.9759384023099134,0.8733850129198967,0.9218181818181818
777,IL,Uhem + COSAP,YES,YES,BWA,Strelka,MARK,0.5982192543127435,0.6282875511396844,0.9259259259259259,0.7486072423398329
778,IL,Uhem + COSAP,NO,NO,BWA,Strelka,MARK,0.41038272072754833,0.4228816868410777,0.9328165374677002,0.5819451907576572
779,IL,Uhem + COSAP,YES,NO,BWA,Strelka,MARK,0.40477968633308437,0.41676278354479046,0.9336778639104221,0.5762892078681553
780,IL,Uhem + COSAP,NO,YES,BWA,Strelka,MARK,0.6292397660818714,0.6621538461538462,0.9267872523686477,0.7724335965541996
781,IL,Uhem + COSAP,YES,YES,BOWTIE,Strelka,MARK,0.705232129697863,0.8300086730268864,0.8242894056847545,0.8271391529818496
782,IL,Uhem + COSAP,NO,NO,BOWTIE,Strelka,MARK,0.6803218727139722,0.8186619718309859,0.8010335917312662,0.8097518502394427
783,IL,Uhem + COSAP,YES,NO,BOWTIE,Strelka,MARK,0.6869192280200143,0.8015012510425354,0.8277347114556417,0.8144067796610169
784,IL,Uhem + COSAP,NO,YES,BOWTIE,Strelka,MARK,0.7063310450038138,0.8605947955390335,0.797588285960379,0.8278945015645954
785,IL,Uhem + COSAP,YES,YES,BWA,SomaticSniper,MARK,0.4985754985754986,0.595643294758339,0.7536606373815676,0.6653992395437263
786,IL,Uhem + COSAP,NO,NO,BWA,SomaticSniper,MARK,0.47007223942208465,0.5396919431279621,0.7846683893195521,0.6395226395226395
787,IL,Uhem + COSAP,YES,NO,BWA,SomaticSniper,MARK,0.47730829420970267,0.547576301615799,0.7881136950904393,0.646186440677966
788,IL,Uhem + COSAP,NO,YES,BWA,SomaticSniper,MARK,0.5025996533795494,0.6041666666666666,0.7493540051679587,0.6689734717416379
789,IL,Uhem + COSAP,YES,YES,BOWTIE,SomaticSniper,MARK,0.5678321678321678,0.7511563367252544,0.6993970714900948,0.7243532560214094
790,IL,Uhem + COSAP,NO,NO,BOWTIE,SomaticSniper,MARK,0.39663629992992294,0.6802884615384616,0.48751076658053405,0.5679879578524837
791,IL,Uhem + COSAP,YES,NO,BOWTIE,SomaticSniper,MARK,0.5242130750605327,0.6381724392041267,0.7459086993970715,0.687847498014297
792,IL,Uhem + COSAP,NO,YES,BOWTIE,SomaticSniper,MARK,0.40641711229946526,0.7823529411764706,0.4582256675279931,0.5779467680608366
793,IL,Uhem + COSAP,YES,YES,BWA,Mutect,DELETE,0.8415124698310539,0.9273049645390071,0.9009474590869939,0.9139362166885103
794,IL,Uhem + COSAP,NO,NO,BWA,Mutect,DELETE,0.8215139442231075,0.9164444444444444,0.8880275624461671,0.9020122484689413
795,IL,Uhem + COSAP,YES,NO,BWA,Mutect,DELETE,0.8215139442231075,0.9164444444444444,0.8880275624461671,0.9020122484689413
796,IL,Uhem + COSAP,NO,YES,BWA,Mutect,DELETE,0.8417670682730923,0.9257950530035336,0.9026701119724375,0.9140863497601396
797,IL,Uhem + COSAP,YES,YES,BOWTIE,Mutect,DELETE,0.8520066889632107,0.9667931688804554,0.8776916451335056,0.9200902934537246
798,IL,Uhem + COSAP,NO,NO,BOWTIE,Mutect,DELETE,0.8320864505403158,0.959731543624161,0.8621877691645133,0.9083484573502723
799,IL,Uhem + COSAP,YES,NO,BOWTIE,Mutect,DELETE,0.8341625207296849,0.9571836346336822,0.8664944013781223,0.9095840867992767
800,IL,Uhem + COSAP,NO,YES,BOWTIE,Mutect,DELETE,0.8549747048903878,0.9759384023099134,0.8733850129198967,0.9218181818181818
801,IL,Uhem + COSAP,YES,YES,BWA,Strelka,DELETE,0.5982192543127435,0.6282875511396844,0.9259259259259259,0.7486072423398329
802,IL,Uhem + COSAP,NO,NO,BWA,Strelka,DELETE,0.41038272072754833,0.4228816868410777,0.9328165374677002,0.5819451907576572
803,IL,Uhem + COSAP,YES,NO,BWA,Strelka,DELETE,0.40477968633308437,0.41676278354479046,0.9336778639104221,0.5762892078681553
804,IL,Uhem + COSAP,NO,YES,BWA,Strelka,DELETE,0.6292397660818714,0.6621538461538462,0.9267872523686477,0.7724335965541996
805,IL,Uhem + COSAP,YES,YES,BOWTIE,Strelka,DELETE,0.705232129697863,0.8300086730268864,0.8242894056847545,0.8271391529818496
806,IL,Uhem + COSAP,NO,NO,BOWTIE,Strelka,DELETE,0.6803218727139722,0.8186619718309859,0.8010335917312662,0.8097518502394427
807,IL,Uhem + COSAP,YES,NO,BOWTIE,Strelka,DELETE,0.6869192280200143,0.8015012510425354,0.8277347114556417,0.8144067796610169
808,IL,Uhem + COSAP,NO,YES,BOWTIE,Strelka,DELETE,0.7063310450038138,0.8605947955390335,0.797588285960379,0.8278945015645954
809,IL,Uhem + COSAP,YES,YES,BWA,SomaticSniper,DELETE,0.4985754985754986,0.595643294758339,0.7536606373815676,0.6653992395437263
810,IL,Uhem + COSAP,NO,NO,BWA,SomaticSniper,DELETE,0.47007223942208465,0.5396919431279621,0.7846683893195521,0.6395226395226395
811,IL,Uhem + COSAP,YES,NO,BWA,SomaticSniper,DELETE,0.47730829420970267,0.547576301615799,0.7881136950904393,0.646186440677966
812,IL,Uhem + COSAP,NO,YES,BWA,SomaticSniper,DELETE,0.5025996533795494,0.6041666666666666,0.7493540051679587,0.6689734717416379
813,IL,Uhem + COSAP,YES,YES,BOWTIE,SomaticSniper,DELETE,0.5678321678321678,0.7511563367252544,0.6993970714900948,0.7243532560214094
814,IL,Uhem + COSAP,NO,NO,BOWTIE,SomaticSniper,DELETE,0.39663629992992294,0.6802884615384616,0.48751076658053405,0.5679879578524837
815,IL,Uhem + COSAP,YES,NO,BOWTIE,SomaticSniper,DELETE,0.5242130750605327,0.6381724392041267,0.7459086993970715,0.687847498014297
816,IL,Uhem + COSAP,NO,YES,BOWTIE,SomaticSniper,DELETE,0.40641711229946526,0.7823529411764706,0.4582256675279931,0.5779467680608366
817,IL,Altay + COSAP,YES,YES,BWA,Mutect,MARK,0.8415124698310539,0.9273049645390071,0.9009474590869939,0.9139362166885103
818,IL,Altay + COSAP,NO,NO,BWA,Mutect,MARK,0.8215139442231075,0.9164444444444444,0.8880275624461671,0.9020122484689413
819,IL,Altay + COSAP,YES,NO,BWA,Mutect,MARK,0.8215139442231075,0.9164444444444444,0.8880275624461671,0.9020122484689413
820,IL,Altay + COSAP,NO,YES,BWA,Mutect,MARK,0.8417670682730923,0.9257950530035336,0.9026701119724375,0.9140863497601396
821,IL,Altay + COSAP,YES,YES,BOWTIE,Mutect,MARK,0.8520066889632107,0.9667931688804554,0.8776916451335056,0.9200902934537246
822,IL,Altay + COSAP,NO,NO,BOWTIE,Mutect,MARK,0.8320864505403158,0.959731543624161,0.8621877691645133,0.9083484573502723
823,IL,Altay + COSAP,YES,NO,BOWTIE,Mutect,MARK,0.8341625207296849,0.9571836346336822,0.8664944013781223,0.9095840867992767
824,IL,Altay + COSAP,NO,YES,BOWTIE,Mutect,MARK,0.8549747048903878,0.9759384023099134,0.8733850129198967,0.9218181818181818
825,IL,Altay + COSAP,YES,YES,BWA,Strelka,MARK,0.5982192543127435,0.6282875511396844,0.9259259259259259,0.7486072423398329
826,IL,Altay + COSAP,NO,NO,BWA,Strelka,MARK,0.41038272072754833,0.4228816868410777,0.9328165374677002,0.5819451907576572
827,IL,Altay + COSAP,YES,NO,BWA,Strelka,MARK,0.40477968633308437,0.41676278354479046,0.9336778639104221,0.5762892078681553
828,IL,Altay + COSAP,NO,YES,BWA,Strelka,MARK,0.6292397660818714,0.6621538461538462,0.9267872523686477,0.7724335965541996
829,IL,Altay + COSAP,YES,YES,BOWTIE,Strelka,MARK,0.705232129697863,0.8300086730268864,0.8242894056847545,0.8271391529818496
830,IL,Altay + COSAP,NO,NO,BOWTIE,Strelka,MARK,0.6803218727139722,0.8186619718309859,0.8010335917312662,0.8097518502394427
831,IL,Altay + COSAP,YES,NO,BOWTIE,Strelka,MARK,0.6869192280200143,0.8015012510425354,0.8277347114556417,0.8144067796610169
832,IL,Altay + COSAP,NO,YES,BOWTIE,Strelka,MARK,0.7063310450038138,0.8605947955390335,0.797588285960379,0.8278945015645954
833,IL,Altay + COSAP,YES,YES,BWA,SomaticSniper,MARK,0.49885974914481185,0.5960490463215259,0.7536606373815676,0.6656523392925067
834,IL,Altay + COSAP,NO,NO,BWA,SomaticSniper,MARK,0.47007223942208465,0.5396919431279621,0.7846683893195521,0.6395226395226395
835,IL,Altay + COSAP,YES,NO,BWA,SomaticSniper,MARK,0.47730829420970267,0.547576301615799,0.7881136950904393,0.646186440677966
836,IL,Altay + COSAP,NO,YES,BWA,SomaticSniper,MARK,0.5025996533795494,0.6041666666666666,0.7493540051679587,0.6689734717416379
837,IL,Altay + COSAP,YES,YES,BOWTIE,SomaticSniper,MARK,0.5678321678321678,0.7511563367252544,0.6993970714900948,0.7243532560214094
838,IL,Altay + COSAP,NO,NO,BOWTIE,SomaticSniper,MARK,0.39663629992992294,0.6802884615384616,0.48751076658053405,0.5679879578524837
839,IL,Altay + COSAP,YES,NO,BOWTIE,SomaticSniper,MARK,0.5242130750605327,0.6381724392041267,0.7459086993970715,0.687847498014297
840,IL,Altay + COSAP,NO,YES,BOWTIE,SomaticSniper,MARK,0.40641711229946526,0.7823529411764706,0.4582256675279931,0.5779467680608366
841,IL,Altay + COSAP,YES,YES,BWA,Mutect,DELETE,0.8415124698310539,0.9273049645390071,0.9009474590869939,0.9139362166885103
842,IL,Altay + COSAP,NO,NO,BWA,Mutect,DELETE,0.8215139442231075,0.9164444444444444,0.8880275624461671,0.9020122484689413
843,IL,Altay + COSAP,YES,NO,BWA,Mutect,DELETE,0.8215139442231075,0.9164444444444444,0.8880275624461671,0.9020122484689413
844,IL,Altay + COSAP,NO,YES,BWA,Mutect,DELETE,0.8417670682730923,0.9257950530035336,0.9026701119724375,0.9140863497601396
845,IL,Altay + COSAP,YES,YES,BOWTIE,Mutect,DELETE,0.8520066889632107,0.9667931688804554,0.8776916451335056,0.9200902934537246
846,IL,Altay + COSAP,NO,NO,BOWTIE,Mutect,DELETE,0.8320864505403158,0.959731543624161,0.8621877691645133,0.9083484573502723
847,IL,Altay + COSAP,YES,NO,BOWTIE,Mutect,DELETE,0.8341625207296849,0.9571836346336822,0.8664944013781223,0.9095840867992767
848,IL,Altay + COSAP,NO,YES,BOWTIE,Mutect,DELETE,0.8549747048903878,0.9759384023099134,0.8733850129198967,0.9218181818181818
849,IL,Altay + COSAP,YES,YES,BWA,Strelka,DELETE,0.5982192543127435,0.6282875511396844,0.9259259259259259,0.7486072423398329
850,IL,Altay + COSAP,NO,NO,BWA,Strelka,DELETE,0.41038272072754833,0.4228816868410777,0.9328165374677002,0.5819451907576572
851,IL,Altay + COSAP,YES,NO,BWA,Strelka,DELETE,0.40477968633308437,0.41676278354479046,0.9336778639104221,0.5762892078681553
852,IL,Altay + COSAP,NO,YES,BWA,Strelka,DELETE,0.6292397660818714,0.6621538461538462,0.9267872523686477,0.7724335965541996
853,IL,Altay + COSAP,YES,YES,BOWTIE,Strelka,DELETE,0.705232129697863,0.8300086730268864,0.8242894056847545,0.8271391529818496
854,IL,Altay + COSAP,NO,NO,BOWTIE,Strelka,DELETE,0.6803218727139722,0.8186619718309859,0.8010335917312662,0.8097518502394427
855,IL,Altay + COSAP,YES,NO,BOWTIE,Strelka,DELETE,0.6869192280200143,0.8015012510425354,0.8277347114556417,0.8144067796610169
856,IL,Altay + COSAP,NO,YES,BOWTIE,Strelka,DELETE,0.7063310450038138,0.8605947955390335,0.797588285960379,0.8278945015645954
857,IL,Altay + COSAP,YES,YES,BWA,SomaticSniper,DELETE,0.4985754985754986,0.595643294758339,0.7536606373815676,0.6653992395437263
858,IL,Altay + COSAP,NO,NO,BWA,SomaticSniper,DELETE,0.47007223942208465,0.5396919431279621,0.7846683893195521,0.6395226395226395
859,IL,Altay + COSAP,YES,NO,BWA,SomaticSniper,DELETE,0.47730829420970267,0.547576301615799,0.7881136950904393,0.646186440677966
860,IL,Altay + COSAP,NO,YES,BWA,SomaticSniper,DELETE,0.5025996533795494,0.6041666666666666,0.7493540051679587,0.6689734717416379
861,IL,Altay + COSAP,YES,YES,BOWTIE,SomaticSniper,DELETE,0.5678321678321678,0.7511563367252544,0.6993970714900948,0.7243532560214094
862,IL,Altay + COSAP,NO,NO,BOWTIE,SomaticSniper,DELETE,0.39663629992992294,0.6802884615384616,0.48751076658053405,0.5679879578524837
863,IL,Altay + COSAP,YES,NO,BOWTIE,SomaticSniper,DELETE,0.5242130750605327,0.6381724392041267,0.7459086993970715,0.687847498014297
864,IL,Altay + COSAP,NO,YES,BOWTIE,SomaticSniper,DELETE,0.40641711229946526,0.7823529411764706,0.4582256675279931,0.5779467680608366
