center,pipeline,precision,recall,f1
EA,0,0.9122486288848263,0.859603789836348,0.8851441241685145
EA,1,0.9265116279069767,0.8578811369509044,0.89087656529517
EA,2,0.9042076991942704,0.8699397071490095,0.8867427568042142
EA,3,0.9306839186691312,0.8673557278208441,0.8979045920641997
EA,4,0.6306068601583114,0.4117140396210164,0.4981761334028141
EA,5,0.7339593114241002,0.40396210163652024,0.5211111111111112
EA,6,0.6002855103497502,0.7243755383290267,0.6565183450429353
EA,7,0.671345995045417,0.7002583979328165,0.6854974704890389
EA,8,0.7975243147656941,0.7769164513350559,0.787085514834206
EA,9,0.8351851851851851,0.7769164513350559,0.8049977688531905
EA,10,0.759349593495935,0.8044788975021533,0.781263069845253
EA,11,0.7820620284995808,0.8036175710594315,0.7926932880203906
EA,12,0.8158307210031348,0.896640826873385,0.8543290931473123
EA,13,0.8391269199676638,0.8940568475452196,0.865721434528774
EA,14,0.802784222737819,0.8940568475452196,0.8459657701711492
EA,15,0.8215701823949246,0.892334194659776,0.8554913294797688
EA,16,0.5690213869086196,0.756244616709733,0.6494082840236687
EA,17,0.581805838424983,0.7381567614125754,0.6507213363705391
EA,18,0.551875,0.7605512489233419,0.6396233248822891
EA,19,0.5606451612903226,0.7484926787252368,0.6410918480265584
EA,20,0.4752783964365256,0.9190353143841516,0.6265413975337639
EA,21,0.5887230514096186,0.917312661498708,0.7171717171717172
EA,22,0.45539906103286387,0.9190353143841516,0.6090182648401826
EA,23,0.5566579634464752,0.9181739879414298,0.693107932379714
FD,0,0.6325785244704164,0.7459086993970715,0.6845849802371542
FD,1,0.7863720073664825,0.73557278208441,0.7601246105919003
FD,2,0.8462255358807083,0.7820844099913867,0.8128916741271262
FD,3,0.8956262425447317,0.7760551248923342,0.8315643747115828
FD,4,0.09632446134347275,0.06546080964685616,0.07794871794871795
FD,5,0.1830238726790451,0.059431524547803614,0.08972691807542262
FD,6,0.2946058091286307,0.7338501291989664,0.4204293116210215
FD,7,0.46123372948500285,0.7019810508182601,0.5566939890710384
FD,8,0.7337786259541985,0.6623600344530577,0.6962426437301947
FD,9,0.8571428571428571,0.6563307493540051,0.7434146341463415
FD,10,0.6315049226441631,0.7734711455641688,0.6953155245838173
FD,11,0.7198067632850241,0.7700258397932817,0.7440699126092384
FD,12,0.6276595744680851,0.8130921619293713,0.7084427767354596
FD,13,0.6728571428571428,0.8113695090439277,0.735650136665365
FD,14,0.6843251088534107,0.8122308354866494,0.7428121307601416
FD,15,0.7294573643410853,0.8105081826012058,0.7678498572011424
FD,16,0.2897106109324759,0.7760551248923342,0.4219152423320066
FD,17,0.40036646816307836,0.7527993109388458,0.5227272727272727
FD,18,0.27462867535616853,0.7803617571059431,0.40627802690582965
FD,19,0.3920071845532106,0.751937984496124,0.5153482880755609
FD,20,0.30054978619425776,0.8475452196382429,0.44374295377677553
FD,21,0.4477543538038497,0.8415159345391904,0.5845049356865092
FD,22,0.3039306716186939,0.8458225667527993,0.44717668488160295
FD,23,0.4422815753734722,0.8415159345391904,0.5798219584569733
IL,0,0.959731543624161,0.8621877691645133,0.9083484573502723
IL,1,0.9759384023099134,0.8733850129198967,0.9218181818181818
IL,2,0.9571836346336822,0.8664944013781223,0.9095840867992767
IL,3,0.9667931688804554,0.8776916451335056,0.9200902934537246
IL,4,0.6802884615384616,0.48751076658053405,0.5679879578524837
IL,5,0.7823529411764706,0.4582256675279931,0.5779467680608366
IL,6,0.6381724392041267,0.7459086993970715,0.687847498014297
IL,7,0.7511563367252544,0.6993970714900948,0.7243532560214094
IL,8,0.8186619718309859,0.8010335917312662,0.8097518502394427
IL,9,0.8605947955390335,0.797588285960379,0.8278945015645954
IL,10,0.8015012510425354,0.8277347114556417,0.8144067796610169
IL,11,0.8300086730268864,0.8242894056847545,0.8271391529818496
IL,12,0.9164444444444444,0.8880275624461671,0.9020122484689413
IL,13,0.9257950530035336,0.9026701119724375,0.9140863497601396
IL,14,0.9164444444444444,0.8880275624461671,0.9020122484689413
IL,15,0.9273049645390071,0.9009474590869939,0.9139362166885103
IL,16,0.5396919431279621,0.7846683893195521,0.6395226395226395
IL,17,0.6041666666666666,0.7493540051679587,0.6689734717416379
IL,18,0.547576301615799,0.7881136950904393,0.646186440677966
IL,19,0.595643294758339,0.7536606373815676,0.6653992395437263
IL,20,0.4228816868410777,0.9328165374677002,0.5819451907576572
IL,21,0.6621538461538462,0.9267872523686477,0.7724335965541996
IL,22,0.41676278354479046,0.9336778639104221,0.5762892078681553
IL,23,0.6282875511396844,0.9259259259259259,0.7486072423398329
LL,0,0.8450413223140496,0.7045650301464255,0.7684358853922029
LL,1,0.9083798882681564,0.7002583979328165,0.7908560311284046
LL,2,0.9377729257641921,0.739879414298019,0.8271545498314878
LL,3,0.905894519131334,0.7545219638242894,0.8233082706766917
LL,4,0.16666666666666666,0.12144702842377261,0.14050822122571002
LL,5,0.24727272727272728,0.11714039621016366,0.15897136177673876
LL,6,0.3345802161263508,0.6933677863910422,0.45135968601065324
LL,7,0.4463470319634703,0.673557278208441,0.5369035358736698
LL,8,0.7555321390937829,0.6175710594315246,0.6796208530805687
LL,9,0.8496420047732697,0.6132644272179156,0.7123561780890446
LL,10,0.6329017517136329,0.7157622739018088,0.67178658043654
LL,11,0.7041773231031543,0.7114556416881999,0.7077977720651243
LL,12,0.8079710144927537,0.768303186907838,0.7876379690949227
LL,13,0.8651026392961877,0.7622739018087855,0.8104395604395604
LL,14,0.9178794178794178,0.7605512489233419,0.8318417333961375
LL,15,0.9257322175732218,0.7622739018087855,0.8360888049126122
LL,16,0.32608695652173914,0.7364341085271318,0.45202220459952414
LL,17,0.38909426987060997,0.7252368647717485,0.5064661654135337
LL,18,0.31497797356828194,0.7390180878552972,0.44169884169884166
LL,19,0.38235294117647056,0.7278208440999139,0.5013349154553545
LL,20,0.45012165450121655,0.7967269595176572,0.5752487562189055
LL,21,0.5079801871216291,0.7950043066322137,0.6198791134989927
LL,22,0.4363807728557964,0.797588285960379,0.5641181845872678
LL,23,0.49252136752136755,0.7941429801894918,0.6079788987800858
NC,0,0.8976014760147601,0.8380706287683032,0.8668151447661471
NC,1,0.8959484346224678,0.8380706287683032,0.8660436137071651
NC,2,0.9109461966604824,0.8458225667527993,0.8771773112996875
NC,3,0.9178338001867413,0.8466838931955211,0.8808243727598567
NC,4,0.6213468869123253,0.42118863049095606,0.5020533880903492
NC,5,0.6901004304160688,0.4142980189491817,0.5177610333692142
NC,6,0.6194302410518627,0.7304048234280792,0.6703557312252965
NC,7,0.6701444622792937,0.719207579672696,0.6938097216452015
NC,8,0.8250226654578422,0.7838070628768303,0.8038869257950529
NC,9,0.8708133971291866,0.7838070628768303,0.8250226654578423
NC,10,0.7775020678246485,0.8096468561584841,0.7932489451476793
NC,11,0.7955894826123834,0.8079242032730405,0.8017094017094016
NC,12,0.8875219683655536,0.8699397071490095,0.8786428882122662
NC,13,0.8894783377541998,0.8664944013781223,0.8778359511343804
NC,14,0.8884986830553117,0.8716623600344531,0.88
NC,15,0.8865435356200527,0.8682170542635659,0.8772845953002611
NC,16,0.5910290237467019,0.7717484926787253,0.6694060515502428
NC,17,0.6098901098901099,0.7648578811369509,0.6786396637371036
NC,18,0.5742637644046095,0.772609819121447,0.6588321704002938
NC,19,0.5917278185456971,0.7639965546942291,0.6669172932330827
NC,20,0.5238813474107592,0.8975021533161068,0.6615873015873016
NC,21,0.5896414342629482,0.892334194659776,0.7100753941055518
NC,22,0.5092682926829268,0.8992248062015504,0.650264715042043
NC,23,0.5656675749318801,0.8940568475452196,0.6929238985313753
